batch_id,qc_fail_rate_pct
BATCH_20000,0.0
BATCH_20001,0.0
BATCH_20002,0.0
BATCH_20003,0.0
BATCH_20006,0.0
BATCH_20007,100.0
BATCH_20008,100.0
BATCH_20011,0.0
BATCH_20012,0.0
BATCH_20013,66.66666666666666
BATCH_20016,0.0
BATCH_20017,50.0
BATCH_20018,50.0
BATCH_20019,0.0
BATCH_20020,0.0
BATCH_20021,0.0
BATCH_20022,0.0
BATCH_20025,0.0
BATCH_20026,100.0
BATCH_20028,0.0
BATCH_20029,50.0
BATCH_20030,100.0
BATCH_20031,0.0
BATCH_20032,0.0
BATCH_20034,100.0
BATCH_20038,0.0
BATCH_20040,0.0
BATCH_20041,100.0
BATCH_20042,0.0
BATCH_20043,0.0
BATCH_20046,0.0
BATCH_20047,0.0
BATCH_20048,100.0
BATCH_20049,100.0
BATCH_20051,50.0
BATCH_20052,33.33333333333333
BATCH_20053,0.0
BATCH_20054,0.0
BATCH_20055,100.0
BATCH_20056,100.0
BATCH_20057,100.0
BATCH_20058,50.0
BATCH_20059,50.0
BATCH_20061,0.0
BATCH_20062,100.0
BATCH_20063,0.0
BATCH_20065,0.0
BATCH_20066,0.0
BATCH_20067,0.0
BATCH_20068,50.0
BATCH_20070,0.0
BATCH_20071,0.0
BATCH_20075,0.0
BATCH_20077,0.0
BATCH_20079,0.0
BATCH_20080,0.0
BATCH_20082,66.66666666666666
BATCH_20083,0.0
BATCH_20084,100.0
BATCH_20085,0.0
BATCH_20087,0.0
BATCH_20088,100.0
BATCH_20089,0.0
BATCH_20090,0.0
BATCH_20093,100.0
BATCH_20095,0.0
BATCH_20096,33.33333333333333
BATCH_20097,100.0
BATCH_20099,50.0
BATCH_20100,0.0
BATCH_20102,50.0
BATCH_20105,100.0
BATCH_20108,100.0
BATCH_20110,0.0
BATCH_20113,100.0
BATCH_20114,0.0
BATCH_20115,0.0
BATCH_20116,50.0
BATCH_20117,0.0
BATCH_20118,100.0
BATCH_20120,0.0
BATCH_20121,0.0
BATCH_20122,0.0
BATCH_20124,0.0
BATCH_20125,0.0
BATCH_20127,0.0
BATCH_20128,100.0
BATCH_20129,0.0
BATCH_20130,66.66666666666666
BATCH_20131,100.0
BATCH_20132,0.0
BATCH_20133,100.0
BATCH_20136,33.33333333333333
BATCH_20138,33.33333333333333
BATCH_20139,33.33333333333333
BATCH_20141,100.0
BATCH_20142,0.0
BATCH_20143,0.0
BATCH_20148,50.0
BATCH_20149,0.0
BATCH_20150,25.0
BATCH_20152,0.0
BATCH_20153,50.0
BATCH_20154,0.0
BATCH_20155,100.0
BATCH_20157,100.0
BATCH_20158,0.0
BATCH_20160,0.0
BATCH_20163,100.0
BATCH_20165,0.0
BATCH_20166,100.0
BATCH_20167,0.0
BATCH_20169,100.0
BATCH_20170,100.0
BATCH_20174,100.0
BATCH_20177,100.0
BATCH_20178,100.0
BATCH_20179,0.0
BATCH_20181,0.0
BATCH_20182,0.0
BATCH_20183,100.0
BATCH_20184,0.0
BATCH_20185,0.0
BATCH_20187,0.0
BATCH_20188,0.0
BATCH_20189,100.0
BATCH_20191,0.0
BATCH_20194,100.0
BATCH_20196,100.0
BATCH_20197,100.0
BATCH_20199,0.0
BATCH_20204,100.0
BATCH_20205,100.0
BATCH_20206,0.0
BATCH_20208,0.0
BATCH_20211,0.0
BATCH_20213,0.0
BATCH_20215,0.0
BATCH_20216,0.0
BATCH_20218,0.0
BATCH_20219,100.0
BATCH_20220,0.0
BATCH_20224,0.0
BATCH_20226,0.0
BATCH_20228,0.0
BATCH_20230,100.0
BATCH_20231,0.0
BATCH_20233,0.0
BATCH_20234,0.0
BATCH_20235,100.0
BATCH_20236,0.0
BATCH_20237,100.0
BATCH_20239,0.0
BATCH_20240,100.0
BATCH_20241,100.0
BATCH_20242,66.66666666666666
BATCH_20243,0.0
BATCH_20244,0.0
BATCH_20245,0.0
BATCH_20246,66.66666666666666
BATCH_20247,0.0
BATCH_20250,50.0
BATCH_20251,0.0
BATCH_20253,0.0
BATCH_20254,33.33333333333333
BATCH_20257,100.0
BATCH_20258,0.0
BATCH_20259,100.0
BATCH_20260,0.0
BATCH_20261,50.0
BATCH_20262,0.0
BATCH_20263,100.0
BATCH_20268,100.0
BATCH_20270,33.33333333333333
BATCH_20271,100.0
BATCH_20272,100.0
BATCH_20273,0.0
BATCH_20275,0.0
BATCH_20276,0.0
BATCH_20277,33.33333333333333
BATCH_20278,0.0
BATCH_20280,100.0
BATCH_20281,100.0
BATCH_20283,0.0
BATCH_20284,0.0
BATCH_20286,0.0
BATCH_20288,33.33333333333333
BATCH_20289,0.0
BATCH_20290,100.0
BATCH_20292,50.0
BATCH_20293,0.0
BATCH_20294,0.0
BATCH_20298,66.66666666666666
BATCH_20299,100.0
BATCH_20306,50.0
BATCH_20308,0.0
BATCH_20310,0.0
BATCH_20311,50.0
BATCH_20312,100.0
BATCH_20313,0.0
BATCH_20316,0.0
BATCH_20317,0.0
BATCH_20319,0.0
BATCH_20322,0.0
BATCH_20324,0.0
BATCH_20325,0.0
BATCH_20326,0.0
BATCH_20327,0.0
BATCH_20328,50.0
BATCH_20330,50.0
BATCH_20331,0.0
BATCH_20332,0.0
BATCH_20334,0.0
BATCH_20335,0.0
BATCH_20336,50.0
BATCH_20337,0.0
BATCH_20338,50.0
BATCH_20339,50.0
BATCH_20340,0.0
BATCH_20341,0.0
BATCH_20342,0.0
BATCH_20344,100.0
BATCH_20345,50.0
BATCH_20347,0.0
BATCH_20348,0.0
BATCH_20350,33.33333333333333
BATCH_20351,100.0
BATCH_20352,100.0
BATCH_20353,0.0
BATCH_20361,0.0
BATCH_20362,100.0
BATCH_20364,100.0
BATCH_20365,0.0
BATCH_20366,50.0
BATCH_20368,100.0
BATCH_20370,0.0
BATCH_20372,100.0
BATCH_20373,100.0
BATCH_20375,100.0
BATCH_20377,100.0
BATCH_20381,0.0
BATCH_20382,0.0
BATCH_20383,0.0
BATCH_20384,100.0
BATCH_20385,100.0
BATCH_20386,0.0
BATCH_20389,0.0
BATCH_20394,0.0
BATCH_20395,0.0
BATCH_20397,0.0
BATCH_20398,0.0
BATCH_20399,66.66666666666666
BATCH_20400,100.0
BATCH_20403,0.0
BATCH_20404,0.0
BATCH_20409,0.0
BATCH_20412,0.0
BATCH_20413,0.0
BATCH_20414,0.0
BATCH_20415,50.0
BATCH_20416,100.0
BATCH_20417,0.0
BATCH_20419,0.0
BATCH_20420,33.33333333333333
BATCH_20421,100.0
BATCH_20422,100.0
BATCH_20423,50.0
BATCH_20428,0.0
BATCH_20430,100.0
BATCH_20431,0.0
BATCH_20432,0.0
BATCH_20434,0.0
BATCH_20435,0.0
BATCH_20436,0.0
BATCH_20438,0.0
BATCH_20441,0.0
BATCH_20443,100.0
BATCH_20446,50.0
BATCH_20447,100.0
BATCH_20451,0.0
BATCH_20452,66.66666666666666
BATCH_20454,50.0
BATCH_20456,0.0
BATCH_20457,0.0
BATCH_20458,100.0
BATCH_20459,0.0
BATCH_20460,0.0
BATCH_20463,50.0
BATCH_20465,0.0
BATCH_20467,100.0
BATCH_20471,100.0
BATCH_20473,100.0
BATCH_20474,0.0
BATCH_20475,0.0
BATCH_20478,0.0
BATCH_20480,50.0
BATCH_20481,0.0
BATCH_20482,0.0
BATCH_20485,0.0
BATCH_20488,100.0
BATCH_20494,0.0
BATCH_20495,0.0
BATCH_20496,100.0
BATCH_20497,0.0
BATCH_20498,0.0
BATCH_20500,25.0
BATCH_20501,100.0
BATCH_20506,50.0
BATCH_20507,100.0
BATCH_20508,50.0
BATCH_20510,100.0
BATCH_20511,66.66666666666666
BATCH_20512,0.0
BATCH_20514,100.0
BATCH_20516,50.0
BATCH_20517,0.0
BATCH_20520,0.0
BATCH_20521,0.0
BATCH_20523,0.0
BATCH_20524,100.0
BATCH_20525,100.0
BATCH_20526,0.0
BATCH_20530,50.0
BATCH_20533,50.0
BATCH_20534,100.0
BATCH_20535,100.0
BATCH_20539,100.0
BATCH_20540,0.0
BATCH_20541,0.0
BATCH_20542,100.0
BATCH_20543,100.0
BATCH_20545,50.0
BATCH_20547,66.66666666666666
BATCH_20548,0.0
BATCH_20550,50.0
BATCH_20553,0.0
BATCH_20554,100.0
BATCH_20555,0.0
BATCH_20559,50.0
BATCH_20560,0.0
BATCH_20563,0.0
BATCH_20564,100.0
BATCH_20565,100.0
BATCH_20566,0.0
BATCH_20570,50.0
BATCH_20572,100.0
BATCH_20574,0.0
BATCH_20575,100.0
BATCH_20576,0.0
BATCH_20578,100.0
BATCH_20579,0.0
BATCH_20580,0.0
BATCH_20581,0.0
BATCH_20583,0.0
BATCH_20585,0.0
BATCH_20588,0.0
BATCH_20590,100.0
BATCH_20591,0.0
BATCH_20596,100.0
BATCH_20597,0.0
BATCH_20598,100.0
BATCH_20599,0.0
BATCH_20604,0.0
BATCH_20605,0.0
BATCH_20613,0.0
BATCH_20614,100.0
BATCH_20615,100.0
BATCH_20617,0.0
BATCH_20624,0.0
BATCH_20627,0.0
BATCH_20628,100.0
BATCH_20629,100.0
BATCH_20631,100.0
BATCH_20634,0.0
BATCH_20635,50.0
BATCH_20636,0.0
BATCH_20637,100.0
BATCH_20639,100.0
BATCH_20640,0.0
BATCH_20641,100.0
BATCH_20642,0.0
BATCH_20643,0.0
BATCH_20645,0.0
BATCH_20648,50.0
BATCH_20650,50.0
BATCH_20651,50.0
BATCH_20653,40.0
BATCH_20654,0.0
BATCH_20655,100.0
BATCH_20656,100.0
BATCH_20657,33.33333333333333
BATCH_20658,0.0
BATCH_20660,25.0
BATCH_20661,0.0
BATCH_20662,100.0
BATCH_20663,33.33333333333333
BATCH_20665,0.0
BATCH_20667,100.0
BATCH_20668,100.0
BATCH_20669,0.0
BATCH_20670,50.0
BATCH_20671,0.0
BATCH_20672,0.0
BATCH_20677,0.0
BATCH_20678,0.0
BATCH_20680,0.0
BATCH_20682,100.0
BATCH_20685,100.0
BATCH_20687,0.0
BATCH_20688,0.0
BATCH_20689,0.0
BATCH_20690,0.0
BATCH_20691,0.0
BATCH_20692,0.0
BATCH_20693,100.0
BATCH_20696,33.33333333333333
BATCH_20698,0.0
BATCH_20700,0.0
BATCH_20701,0.0
BATCH_20702,100.0
BATCH_20703,100.0
BATCH_20704,0.0
BATCH_20705,0.0
BATCH_20707,100.0
BATCH_20708,0.0
BATCH_20709,100.0
BATCH_20710,0.0
BATCH_20711,0.0
BATCH_20712,50.0
BATCH_20714,50.0
BATCH_20715,100.0
BATCH_20716,0.0
BATCH_20717,100.0
BATCH_20718,0.0
BATCH_20719,0.0
BATCH_20720,0.0
BATCH_20721,100.0
BATCH_20722,0.0
BATCH_20723,0.0
BATCH_20727,100.0
BATCH_20728,0.0
BATCH_20729,0.0
BATCH_20730,0.0
BATCH_20732,100.0
BATCH_20733,33.33333333333333
BATCH_20734,33.33333333333333
BATCH_20735,0.0
BATCH_20736,100.0
BATCH_20741,100.0
BATCH_20742,0.0
BATCH_20743,0.0
BATCH_20744,100.0
BATCH_20748,33.33333333333333
BATCH_20749,50.0
BATCH_20752,0.0
BATCH_20753,50.0
BATCH_20754,0.0
BATCH_20755,100.0
BATCH_20757,100.0
BATCH_20758,0.0
BATCH_20760,0.0
BATCH_20761,100.0
BATCH_20762,50.0
BATCH_20763,50.0
BATCH_20764,0.0
BATCH_20765,100.0
BATCH_20766,0.0
BATCH_20768,25.0
BATCH_20769,0.0
BATCH_20771,0.0
BATCH_20772,100.0
BATCH_20773,50.0
BATCH_20775,0.0
BATCH_20776,50.0
BATCH_20777,100.0
BATCH_20778,50.0
BATCH_20782,50.0
BATCH_20785,0.0
BATCH_20786,0.0
BATCH_20787,0.0
BATCH_20788,0.0
BATCH_20790,0.0
BATCH_20791,0.0
BATCH_20794,100.0
BATCH_20796,100.0
BATCH_20797,0.0
BATCH_20798,0.0
BATCH_20799,0.0
BATCH_20800,50.0
BATCH_20801,0.0
BATCH_20802,100.0
BATCH_20804,33.33333333333333
BATCH_20807,0.0
BATCH_20808,100.0
BATCH_20810,100.0
BATCH_20811,0.0
BATCH_20812,0.0
BATCH_20813,50.0
BATCH_20814,0.0
BATCH_20815,100.0
BATCH_20817,0.0
BATCH_20819,0.0
BATCH_20821,100.0
BATCH_20822,100.0
BATCH_20824,0.0
BATCH_20825,0.0
BATCH_20826,0.0
BATCH_20827,50.0
BATCH_20828,33.33333333333333
BATCH_20831,50.0
BATCH_20832,100.0
BATCH_20836,0.0
BATCH_20837,0.0
BATCH_20838,0.0
BATCH_20839,0.0
BATCH_20842,100.0
BATCH_20843,100.0
BATCH_20844,0.0
BATCH_20845,0.0
BATCH_20847,0.0
BATCH_20849,0.0
BATCH_20852,50.0
BATCH_20854,100.0
BATCH_20855,0.0
BATCH_20857,0.0
BATCH_20858,0.0
BATCH_20859,0.0
BATCH_20862,33.33333333333333
BATCH_20863,50.0
BATCH_20864,0.0
BATCH_20865,0.0
BATCH_20866,0.0
BATCH_20867,0.0
BATCH_20868,100.0
BATCH_20872,0.0
BATCH_20873,100.0
BATCH_20874,100.0
BATCH_20875,66.66666666666666
BATCH_20876,0.0
BATCH_20877,0.0
BATCH_20879,0.0
BATCH_20881,50.0
BATCH_20882,0.0
BATCH_20883,0.0
BATCH_20886,0.0
BATCH_20887,0.0
BATCH_20888,50.0
BATCH_20889,100.0
BATCH_20890,100.0
BATCH_20891,0.0
BATCH_20892,100.0
BATCH_20895,0.0
BATCH_20896,50.0
BATCH_20897,0.0
BATCH_20898,0.0
BATCH_20899,0.0
BATCH_20902,50.0
BATCH_20903,0.0
BATCH_20904,0.0
BATCH_20906,50.0
BATCH_20908,50.0
BATCH_20909,100.0
BATCH_20910,0.0
BATCH_20911,0.0
BATCH_20912,0.0
BATCH_20913,0.0
BATCH_20914,50.0
BATCH_20915,0.0
BATCH_20916,50.0
BATCH_20917,100.0
BATCH_20918,0.0
BATCH_20919,0.0
BATCH_20922,100.0
BATCH_20923,100.0
BATCH_20924,0.0
BATCH_20928,0.0
BATCH_20930,100.0
BATCH_20932,0.0
BATCH_20933,50.0
BATCH_20934,0.0
BATCH_20936,50.0
BATCH_20937,0.0
BATCH_20938,0.0
BATCH_20940,100.0
BATCH_20941,50.0
BATCH_20942,100.0
BATCH_20944,33.33333333333333
BATCH_20945,0.0
BATCH_20947,100.0
BATCH_20948,50.0
BATCH_20949,100.0
BATCH_20950,50.0
BATCH_20952,0.0
BATCH_20955,0.0
BATCH_20957,0.0
BATCH_20958,100.0
BATCH_20959,50.0
BATCH_20960,0.0
BATCH_20961,0.0
BATCH_20962,100.0
BATCH_20964,100.0
BATCH_20965,100.0
BATCH_20966,33.33333333333333
BATCH_20968,0.0
BATCH_20974,0.0
BATCH_20975,0.0
BATCH_20976,0.0
BATCH_20977,100.0
BATCH_20978,0.0
BATCH_20979,100.0
BATCH_20980,0.0
BATCH_20982,50.0
BATCH_20983,0.0
BATCH_20985,25.0
BATCH_20987,0.0
BATCH_20988,0.0
BATCH_20995,50.0
BATCH_20996,100.0
BATCH_20997,100.0
BATCH_20998,0.0
BATCH_21001,0.0
BATCH_21002,100.0
BATCH_21003,0.0
BATCH_21004,0.0
BATCH_21006,33.33333333333333
BATCH_21008,0.0
BATCH_21009,0.0
BATCH_21010,50.0
BATCH_21011,100.0
BATCH_21013,100.0
BATCH_21014,0.0
BATCH_21015,50.0
BATCH_21016,100.0
BATCH_21017,100.0
BATCH_21018,0.0
BATCH_21020,25.0
BATCH_21021,50.0
BATCH_21023,0.0
BATCH_21025,100.0
BATCH_21026,33.33333333333333
BATCH_21027,0.0
BATCH_21028,0.0
BATCH_21029,100.0
BATCH_21030,100.0
BATCH_21031,0.0
BATCH_21033,100.0
BATCH_21034,0.0
BATCH_21035,0.0
BATCH_21037,100.0
BATCH_21039,50.0
BATCH_21040,100.0
BATCH_21042,0.0
BATCH_21044,100.0
BATCH_21045,0.0
BATCH_21046,100.0
BATCH_21047,0.0
BATCH_21048,100.0
BATCH_21049,0.0
BATCH_21050,50.0
BATCH_21052,100.0
BATCH_21053,50.0
BATCH_21054,0.0
BATCH_21055,0.0
BATCH_21056,0.0
BATCH_21057,50.0
BATCH_21059,100.0
BATCH_21061,0.0
BATCH_21062,0.0
BATCH_21063,0.0
BATCH_21064,33.33333333333333
BATCH_21065,0.0
BATCH_21066,0.0
BATCH_21067,0.0
BATCH_21068,100.0
BATCH_21069,0.0
BATCH_21070,0.0
BATCH_21072,100.0
BATCH_21073,100.0
BATCH_21074,0.0
BATCH_21075,0.0
BATCH_21076,50.0
BATCH_21077,0.0
BATCH_21082,100.0
BATCH_21085,0.0
BATCH_21090,100.0
BATCH_21092,0.0
BATCH_21093,50.0
BATCH_21094,50.0
BATCH_21095,100.0
BATCH_21096,0.0
BATCH_21100,0.0
BATCH_21101,0.0
BATCH_21102,0.0
BATCH_21103,100.0
BATCH_21104,66.66666666666666
BATCH_21105,33.33333333333333
BATCH_21106,0.0
BATCH_21107,0.0
BATCH_21108,50.0
BATCH_21109,0.0
BATCH_21110,50.0
BATCH_21112,50.0
BATCH_21114,50.0
BATCH_21116,50.0
BATCH_21117,33.33333333333333
BATCH_21118,100.0
BATCH_21119,50.0
BATCH_21120,100.0
BATCH_21121,0.0
BATCH_21125,100.0
BATCH_21126,50.0
BATCH_21127,0.0
BATCH_21128,100.0
BATCH_21130,50.0
BATCH_21134,25.0
BATCH_21136,100.0
BATCH_21137,50.0
BATCH_21138,100.0
BATCH_21139,33.33333333333333
BATCH_21142,0.0
BATCH_21143,0.0
BATCH_21144,0.0
BATCH_21145,33.33333333333333
BATCH_21147,66.66666666666666
BATCH_21148,100.0
BATCH_21149,100.0
BATCH_21150,0.0
BATCH_21151,0.0
BATCH_21152,0.0
BATCH_21153,0.0
BATCH_21154,0.0
BATCH_21155,50.0
BATCH_21157,100.0
BATCH_21160,75.0
BATCH_21162,0.0
BATCH_21163,100.0
BATCH_21164,33.33333333333333
BATCH_21166,0.0
BATCH_21169,60.0
BATCH_21172,100.0
BATCH_21173,0.0
BATCH_21174,100.0
BATCH_21175,0.0
BATCH_21176,100.0
BATCH_21177,0.0
BATCH_21178,100.0
BATCH_21180,100.0
BATCH_21181,100.0
BATCH_21186,0.0
BATCH_21187,33.33333333333333
BATCH_21188,0.0
BATCH_21189,40.0
BATCH_21191,50.0
BATCH_21193,100.0
BATCH_21194,0.0
BATCH_21195,0.0
BATCH_21198,100.0
BATCH_21199,100.0
BATCH_21200,100.0
BATCH_21202,33.33333333333333
BATCH_21208,100.0
BATCH_21209,100.0
BATCH_21210,0.0
BATCH_21212,0.0
BATCH_21213,0.0
BATCH_21215,0.0
BATCH_21216,100.0
BATCH_21218,0.0
BATCH_21220,50.0
BATCH_21221,50.0
BATCH_21222,50.0
BATCH_21223,50.0
BATCH_21224,0.0
BATCH_21226,100.0
BATCH_21227,0.0
BATCH_21228,0.0
BATCH_21230,0.0
BATCH_21231,33.33333333333333
BATCH_21232,0.0
BATCH_21233,50.0
BATCH_21234,33.33333333333333
BATCH_21235,33.33333333333333
BATCH_21236,0.0
BATCH_21237,0.0
BATCH_21238,100.0
BATCH_21239,0.0
BATCH_21240,0.0
BATCH_21241,100.0
BATCH_21242,100.0
BATCH_21243,0.0
BATCH_21245,100.0
BATCH_21246,0.0
BATCH_21247,0.0
BATCH_21249,0.0
BATCH_21252,0.0
BATCH_21253,100.0
BATCH_21254,100.0
BATCH_21255,50.0
BATCH_21257,50.0
BATCH_21258,50.0
BATCH_21260,50.0
BATCH_21261,0.0
BATCH_21262,50.0
BATCH_21263,100.0
BATCH_21264,100.0
BATCH_21265,100.0
BATCH_21270,0.0
BATCH_21273,0.0
BATCH_21274,0.0
BATCH_21276,100.0
BATCH_21277,50.0
BATCH_21278,0.0
BATCH_21280,0.0
BATCH_21281,0.0
BATCH_21283,100.0
BATCH_21284,33.33333333333333
BATCH_21287,0.0
BATCH_21290,0.0
BATCH_21291,50.0
BATCH_21292,100.0
BATCH_21295,0.0
BATCH_21300,0.0
BATCH_21302,100.0
BATCH_21303,0.0
BATCH_21307,100.0
BATCH_21308,50.0
BATCH_21310,0.0
BATCH_21311,0.0
BATCH_21313,0.0
BATCH_21315,0.0
BATCH_21316,0.0
BATCH_21317,100.0
BATCH_21318,0.0
BATCH_21319,0.0
BATCH_21320,0.0
BATCH_21322,100.0
BATCH_21323,100.0
BATCH_21325,0.0
BATCH_21326,0.0
BATCH_21329,50.0
BATCH_21332,0.0
BATCH_21333,0.0
BATCH_21334,100.0
BATCH_21335,100.0
BATCH_21336,0.0
BATCH_21338,100.0
BATCH_21339,100.0
BATCH_21340,33.33333333333333
BATCH_21342,100.0
BATCH_21343,0.0
BATCH_21344,0.0
BATCH_21348,0.0
BATCH_21349,0.0
BATCH_21350,0.0
BATCH_21352,100.0
BATCH_21355,75.0
BATCH_21356,0.0
BATCH_21358,0.0
BATCH_21359,0.0
BATCH_21364,0.0
BATCH_21365,100.0
BATCH_21366,50.0
BATCH_21367,0.0
BATCH_21368,50.0
BATCH_21369,100.0
BATCH_21371,0.0
BATCH_21372,100.0
BATCH_21373,100.0
BATCH_21375,0.0
BATCH_21376,0.0
BATCH_21377,50.0
BATCH_21379,33.33333333333333
BATCH_21382,100.0
BATCH_21384,100.0
BATCH_21387,0.0
BATCH_21388,0.0
BATCH_21389,100.0
BATCH_21392,0.0
BATCH_21393,0.0
BATCH_21394,50.0
BATCH_21395,50.0
BATCH_21396,0.0
BATCH_21397,75.0
BATCH_21398,0.0
BATCH_21399,50.0
BATCH_21401,100.0
BATCH_21402,100.0
BATCH_21406,0.0
BATCH_21407,0.0
BATCH_21408,0.0
BATCH_21410,0.0
BATCH_21411,0.0
BATCH_21413,100.0
BATCH_21416,0.0
BATCH_21417,0.0
BATCH_21418,50.0
BATCH_21419,100.0
BATCH_21420,33.33333333333333
BATCH_21421,0.0
BATCH_21422,0.0
BATCH_21423,100.0
BATCH_21426,0.0
BATCH_21427,0.0
BATCH_21428,0.0
BATCH_21429,100.0
BATCH_21431,0.0
BATCH_21432,100.0
BATCH_21433,0.0
BATCH_21434,0.0
BATCH_21435,0.0
BATCH_21438,0.0
BATCH_21440,0.0
BATCH_21441,100.0
BATCH_21442,0.0
BATCH_21444,50.0
BATCH_21446,0.0
BATCH_21447,0.0
BATCH_21448,0.0
BATCH_21449,100.0
BATCH_21450,0.0
BATCH_21451,100.0
BATCH_21452,100.0
BATCH_21453,0.0
BATCH_21454,0.0
BATCH_21455,0.0
BATCH_21457,100.0
BATCH_21459,33.33333333333333
BATCH_21460,0.0
BATCH_21461,0.0
BATCH_21463,0.0
BATCH_21465,100.0
BATCH_21466,0.0
BATCH_21470,100.0
BATCH_21471,0.0
BATCH_21473,0.0
BATCH_21474,0.0
BATCH_21475,50.0
BATCH_21476,0.0
BATCH_21477,50.0
BATCH_21478,0.0
BATCH_21479,100.0
BATCH_21480,0.0
BATCH_21483,50.0
BATCH_21484,0.0
BATCH_21487,100.0
BATCH_21488,100.0
BATCH_21489,0.0
BATCH_21490,100.0
BATCH_21492,0.0
BATCH_21493,100.0
BATCH_21495,100.0
BATCH_21497,100.0
BATCH_21498,0.0
BATCH_21499,0.0
BATCH_21501,0.0
BATCH_21502,50.0
BATCH_21504,100.0
BATCH_21505,0.0
BATCH_21510,0.0
BATCH_21511,50.0
BATCH_21512,0.0
BATCH_21514,50.0
BATCH_21515,0.0
BATCH_21516,100.0
BATCH_21519,33.33333333333333
BATCH_21520,0.0
BATCH_21521,0.0
BATCH_21523,0.0
BATCH_21527,0.0
BATCH_21529,50.0
BATCH_21536,100.0
BATCH_21537,50.0
BATCH_21538,100.0
BATCH_21539,50.0
BATCH_21540,0.0
BATCH_21541,0.0
BATCH_21542,33.33333333333333
BATCH_21544,0.0
BATCH_21545,100.0
BATCH_21546,100.0
BATCH_21550,0.0
BATCH_21551,100.0
BATCH_21552,0.0
BATCH_21553,0.0
BATCH_21555,100.0
BATCH_21556,33.33333333333333
BATCH_21557,0.0
BATCH_21558,50.0
BATCH_21559,50.0
BATCH_21560,0.0
BATCH_21561,0.0
BATCH_21566,100.0
BATCH_21568,100.0
BATCH_21570,0.0
BATCH_21571,0.0
BATCH_21572,66.66666666666666
BATCH_21573,100.0
BATCH_21574,0.0
BATCH_21575,100.0
BATCH_21576,0.0
BATCH_21577,66.66666666666666
BATCH_21579,100.0
BATCH_21580,100.0
BATCH_21586,0.0
BATCH_21589,0.0
BATCH_21590,0.0
BATCH_21594,0.0
BATCH_21595,100.0
BATCH_21597,0.0
BATCH_21599,100.0
BATCH_21602,100.0
BATCH_21603,100.0
BATCH_21606,0.0
BATCH_21607,33.33333333333333
BATCH_21608,0.0
BATCH_21610,100.0
BATCH_21611,0.0
BATCH_21612,0.0
BATCH_21613,50.0
BATCH_21614,0.0
BATCH_21615,0.0
BATCH_21617,100.0
BATCH_21618,100.0
BATCH_21619,66.66666666666666
BATCH_21620,100.0
BATCH_21621,0.0
BATCH_21622,100.0
BATCH_21623,100.0
BATCH_21625,0.0
BATCH_21626,100.0
BATCH_21629,0.0
BATCH_21631,50.0
BATCH_21632,100.0
BATCH_21633,100.0
BATCH_21634,0.0
BATCH_21637,0.0
BATCH_21638,0.0
BATCH_21639,0.0
BATCH_21640,100.0
BATCH_21643,0.0
BATCH_21644,0.0
BATCH_21646,0.0
BATCH_21647,100.0
BATCH_21649,50.0
BATCH_21652,100.0
BATCH_21654,0.0
BATCH_21655,100.0
BATCH_21657,50.0
BATCH_21658,0.0
BATCH_21659,0.0
BATCH_21665,0.0
BATCH_21666,0.0
BATCH_21667,100.0
BATCH_21668,0.0
BATCH_21670,100.0
BATCH_21672,0.0
BATCH_21679,0.0
BATCH_21680,100.0
BATCH_21681,100.0
BATCH_21682,0.0
BATCH_21685,0.0
BATCH_21686,0.0
BATCH_21687,0.0
BATCH_21688,0.0
BATCH_21691,100.0
BATCH_21692,0.0
BATCH_21693,100.0
BATCH_21694,100.0
BATCH_21695,50.0
BATCH_21696,100.0
BATCH_21697,33.33333333333333
BATCH_21698,50.0
BATCH_21699,0.0
BATCH_21700,100.0
BATCH_21701,0.0
BATCH_21702,100.0
BATCH_21703,100.0
BATCH_21705,100.0
BATCH_21709,0.0
BATCH_21712,0.0
BATCH_21713,0.0
BATCH_21714,0.0
BATCH_21715,0.0
BATCH_21716,0.0
BATCH_21717,0.0
BATCH_21719,50.0
BATCH_21720,33.33333333333333
BATCH_21722,0.0
BATCH_21723,0.0
BATCH_21725,50.0
BATCH_21726,0.0
BATCH_21728,0.0
BATCH_21730,0.0
BATCH_21733,0.0
BATCH_21734,50.0
BATCH_21735,100.0
BATCH_21737,33.33333333333333
BATCH_21738,0.0
BATCH_21739,50.0
BATCH_21740,0.0
BATCH_21741,0.0
BATCH_21742,0.0
BATCH_21743,0.0
BATCH_21745,100.0
BATCH_21747,0.0
BATCH_21751,0.0
BATCH_21752,0.0
BATCH_21753,50.0
BATCH_21755,0.0
BATCH_21756,0.0
BATCH_21757,100.0
BATCH_21759,0.0
BATCH_21767,100.0
BATCH_21769,0.0
BATCH_21770,0.0
BATCH_21771,0.0
BATCH_21773,0.0
BATCH_21774,100.0
BATCH_21775,100.0
BATCH_21776,100.0
BATCH_21777,50.0
BATCH_21778,0.0
BATCH_21779,0.0
BATCH_21780,100.0
BATCH_21781,0.0
BATCH_21782,25.0
BATCH_21784,100.0
BATCH_21785,0.0
BATCH_21786,0.0
BATCH_21787,100.0
BATCH_21788,50.0
BATCH_21790,0.0
BATCH_21791,0.0
BATCH_21792,0.0
BATCH_21796,0.0
BATCH_21798,0.0
BATCH_21799,0.0
BATCH_21803,0.0
BATCH_21805,0.0
BATCH_21806,0.0
BATCH_21808,50.0
BATCH_21810,100.0
BATCH_21812,100.0
BATCH_21815,100.0
BATCH_21816,0.0
BATCH_21818,100.0
BATCH_21820,100.0
BATCH_21823,0.0
BATCH_21824,50.0
BATCH_21825,33.33333333333333
BATCH_21827,0.0
BATCH_21828,0.0
BATCH_21829,50.0
BATCH_21831,0.0
BATCH_21832,25.0
BATCH_21833,50.0
BATCH_21834,0.0
BATCH_21835,100.0
BATCH_21836,50.0
BATCH_21837,0.0
BATCH_21838,50.0
BATCH_21839,50.0
BATCH_21840,0.0
BATCH_21841,50.0
BATCH_21842,0.0
BATCH_21843,0.0
BATCH_21844,0.0
BATCH_21846,0.0
BATCH_21848,0.0
BATCH_21849,0.0
BATCH_21854,100.0
BATCH_21855,0.0
BATCH_21857,0.0
BATCH_21858,0.0
BATCH_21859,33.33333333333333
BATCH_21861,100.0
BATCH_21862,0.0
BATCH_21863,50.0
BATCH_21864,50.0
BATCH_21865,0.0
BATCH_21866,100.0
BATCH_21868,50.0
BATCH_21870,100.0
BATCH_21872,50.0
BATCH_21873,0.0
BATCH_21874,0.0
BATCH_21875,0.0
BATCH_21876,33.33333333333333
BATCH_21877,0.0
BATCH_21878,0.0
BATCH_21879,0.0
BATCH_21880,33.33333333333333
BATCH_21881,0.0
BATCH_21883,0.0
BATCH_21884,0.0
BATCH_21886,0.0
BATCH_21889,50.0
BATCH_21890,0.0
BATCH_21891,0.0
BATCH_21892,0.0
BATCH_21893,50.0
BATCH_21894,0.0
BATCH_21896,0.0
BATCH_21897,0.0
BATCH_21898,0.0
BATCH_21900,100.0
BATCH_21901,0.0
BATCH_21903,0.0
BATCH_21906,50.0
BATCH_21907,100.0
BATCH_21910,0.0
BATCH_21912,0.0
BATCH_21913,100.0
BATCH_21914,0.0
BATCH_21915,0.0
BATCH_21918,0.0
BATCH_21920,0.0
BATCH_21921,75.0
BATCH_21922,50.0
BATCH_21923,0.0
BATCH_21924,0.0
BATCH_21925,0.0
BATCH_21926,66.66666666666666
BATCH_21927,100.0
BATCH_21928,50.0
BATCH_21930,0.0
BATCH_21933,0.0
BATCH_21935,50.0
BATCH_21936,0.0
BATCH_21938,100.0
BATCH_21940,100.0
BATCH_21941,0.0
BATCH_21942,0.0
BATCH_21948,0.0
BATCH_21949,0.0
BATCH_21951,50.0
BATCH_21952,100.0
BATCH_21955,33.33333333333333
BATCH_21957,0.0
BATCH_21958,66.66666666666666
BATCH_21960,0.0
BATCH_21961,0.0
BATCH_21963,100.0
BATCH_21964,0.0
BATCH_21966,100.0
BATCH_21967,100.0
BATCH_21970,0.0
BATCH_21972,50.0
BATCH_21973,50.0
BATCH_21974,0.0
BATCH_21976,0.0
BATCH_21978,0.0
BATCH_21981,0.0
BATCH_21982,100.0
BATCH_21985,0.0
BATCH_21986,50.0
BATCH_21987,0.0
BATCH_21989,0.0
BATCH_21990,50.0
BATCH_21992,0.0
BATCH_21995,100.0
BATCH_21996,0.0
BATCH_21998,100.0
BATCH_21999,0.0
BATCH_22001,0.0
BATCH_22003,33.33333333333333
BATCH_22004,0.0
BATCH_22007,50.0
BATCH_22009,50.0
BATCH_22012,0.0
BATCH_22013,33.33333333333333
BATCH_22015,50.0
BATCH_22016,0.0
BATCH_22017,50.0
BATCH_22018,0.0
BATCH_22019,100.0
BATCH_22022,0.0
BATCH_22024,0.0
BATCH_22025,0.0
BATCH_22026,100.0
BATCH_22027,100.0
BATCH_22028,50.0
BATCH_22029,0.0
BATCH_22030,75.0
BATCH_22032,100.0
BATCH_22033,0.0
BATCH_22034,100.0
BATCH_22035,100.0
BATCH_22038,0.0
BATCH_22039,100.0
BATCH_22040,50.0
BATCH_22043,50.0
BATCH_22044,50.0
BATCH_22046,0.0
BATCH_22047,0.0
BATCH_22048,50.0
BATCH_22049,0.0
BATCH_22050,100.0
BATCH_22052,100.0
BATCH_22054,100.0
BATCH_22056,0.0
BATCH_22057,100.0
BATCH_22059,0.0
BATCH_22060,100.0
BATCH_22061,0.0
BATCH_22062,50.0
BATCH_22063,50.0
BATCH_22064,0.0
BATCH_22065,0.0
BATCH_22067,100.0
BATCH_22069,0.0
BATCH_22070,100.0
BATCH_22072,0.0
BATCH_22075,33.33333333333333
BATCH_22076,0.0
BATCH_22077,0.0
BATCH_22078,100.0
BATCH_22079,50.0
BATCH_22081,0.0
BATCH_22083,0.0
BATCH_22085,0.0
BATCH_22086,0.0
BATCH_22088,0.0
BATCH_22089,100.0
BATCH_22091,0.0
BATCH_22093,100.0
BATCH_22094,100.0
BATCH_22096,0.0
BATCH_22101,0.0
BATCH_22102,100.0
BATCH_22105,100.0
BATCH_22107,20.0
BATCH_22108,0.0
BATCH_22111,0.0
BATCH_22112,100.0
BATCH_22115,100.0
BATCH_22116,0.0
BATCH_22118,50.0
BATCH_22119,0.0
BATCH_22120,33.33333333333333
BATCH_22122,50.0
BATCH_22126,100.0
BATCH_22127,0.0
BATCH_22128,66.66666666666666
BATCH_22129,20.0
BATCH_22130,0.0
BATCH_22132,0.0
BATCH_22134,33.33333333333333
BATCH_22135,100.0
BATCH_22136,0.0
BATCH_22137,0.0
BATCH_22138,0.0
BATCH_22140,0.0
BATCH_22142,0.0
BATCH_22144,100.0
BATCH_22146,50.0
BATCH_22147,0.0
BATCH_22148,100.0
BATCH_22149,0.0
BATCH_22150,0.0
BATCH_22151,100.0
BATCH_22154,0.0
BATCH_22155,0.0
BATCH_22156,50.0
BATCH_22157,66.66666666666666
BATCH_22158,0.0
BATCH_22159,0.0
BATCH_22160,0.0
BATCH_22161,0.0
BATCH_22162,50.0
BATCH_22163,50.0
BATCH_22164,0.0
BATCH_22167,0.0
BATCH_22168,50.0
BATCH_22169,0.0
BATCH_22170,0.0
BATCH_22172,0.0
BATCH_22173,0.0
BATCH_22174,0.0
BATCH_22175,100.0
BATCH_22177,100.0
BATCH_22178,0.0
BATCH_22179,33.33333333333333
BATCH_22180,0.0
BATCH_22182,50.0
BATCH_22183,50.0
BATCH_22184,0.0
BATCH_22186,25.0
BATCH_22188,100.0
BATCH_22189,0.0
BATCH_22191,100.0
BATCH_22192,33.33333333333333
BATCH_22193,100.0
BATCH_22197,0.0
BATCH_22198,33.33333333333333
BATCH_22199,0.0
BATCH_22200,0.0
BATCH_22202,0.0
BATCH_22204,0.0
BATCH_22205,0.0
BATCH_22206,100.0
BATCH_22210,50.0
BATCH_22211,0.0
BATCH_22213,0.0
BATCH_22214,0.0
BATCH_22220,0.0
BATCH_22223,100.0
BATCH_22227,100.0
BATCH_22230,0.0
BATCH_22231,100.0
BATCH_22233,100.0
BATCH_22235,0.0
BATCH_22236,0.0
BATCH_22239,100.0
BATCH_22240,0.0
BATCH_22241,0.0
BATCH_22243,100.0
BATCH_22244,50.0
BATCH_22245,0.0
BATCH_22247,0.0
BATCH_22248,100.0
BATCH_22249,0.0
BATCH_22251,50.0
BATCH_22252,100.0
BATCH_22254,100.0
BATCH_22257,0.0
BATCH_22258,100.0
BATCH_22259,0.0
BATCH_22260,100.0
BATCH_22261,50.0
BATCH_22262,66.66666666666666
BATCH_22263,50.0
BATCH_22266,100.0
BATCH_22267,0.0
BATCH_22270,100.0
BATCH_22271,66.66666666666666
BATCH_22273,0.0
BATCH_22274,50.0
BATCH_22276,0.0
BATCH_22278,50.0
BATCH_22281,100.0
BATCH_22283,0.0
BATCH_22284,100.0
BATCH_22285,0.0
BATCH_22286,100.0
BATCH_22287,0.0
BATCH_22289,0.0
BATCH_22290,0.0
BATCH_22292,20.0
BATCH_22293,100.0
BATCH_22296,0.0
BATCH_22298,0.0
BATCH_22299,0.0
BATCH_22300,0.0
BATCH_22301,0.0
BATCH_22303,0.0
BATCH_22304,0.0
BATCH_22306,50.0
BATCH_22307,0.0
BATCH_22308,100.0
BATCH_22309,0.0
BATCH_22311,100.0
BATCH_22312,0.0
BATCH_22313,33.33333333333333
BATCH_22314,0.0
BATCH_22315,100.0
BATCH_22317,33.33333333333333
BATCH_22318,50.0
BATCH_22319,0.0
BATCH_22322,50.0
BATCH_22323,100.0
BATCH_22324,50.0
BATCH_22325,50.0
BATCH_22327,0.0
BATCH_22328,100.0
BATCH_22329,100.0
BATCH_22330,0.0
BATCH_22331,100.0
BATCH_22332,0.0
BATCH_22334,0.0
BATCH_22341,0.0
BATCH_22342,0.0
BATCH_22343,0.0
BATCH_22344,0.0
BATCH_22345,100.0
BATCH_22347,100.0
BATCH_22349,0.0
BATCH_22350,50.0
BATCH_22351,100.0
BATCH_22352,0.0
BATCH_22354,0.0
BATCH_22355,0.0
BATCH_22357,0.0
BATCH_22358,100.0
BATCH_22359,0.0
BATCH_22360,100.0
BATCH_22361,0.0
BATCH_22363,100.0
BATCH_22367,0.0
BATCH_22372,100.0
BATCH_22373,0.0
BATCH_22374,100.0
BATCH_22377,100.0
BATCH_22378,0.0
BATCH_22379,0.0
BATCH_22380,0.0
BATCH_22382,100.0
BATCH_22383,50.0
BATCH_22384,0.0
BATCH_22385,0.0
BATCH_22387,0.0
BATCH_22388,0.0
BATCH_22389,0.0
BATCH_22391,0.0
BATCH_22392,0.0
BATCH_22393,50.0
BATCH_22395,33.33333333333333
BATCH_22398,0.0
BATCH_22401,66.66666666666666
BATCH_22403,100.0
BATCH_22404,0.0
BATCH_22406,100.0
BATCH_22407,50.0
BATCH_22408,0.0
BATCH_22409,50.0
BATCH_22411,100.0
BATCH_22413,40.0
BATCH_22414,66.66666666666666
BATCH_22417,0.0
BATCH_22419,0.0
BATCH_22421,0.0
BATCH_22423,0.0
BATCH_22427,100.0
BATCH_22428,50.0
BATCH_22430,0.0
BATCH_22431,50.0
BATCH_22433,0.0
BATCH_22435,0.0
BATCH_22436,66.66666666666666
BATCH_22437,50.0
BATCH_22438,0.0
BATCH_22439,66.66666666666666
BATCH_22440,66.66666666666666
BATCH_22441,0.0
BATCH_22443,0.0
BATCH_22444,100.0
BATCH_22445,50.0
BATCH_22446,0.0
BATCH_22448,0.0
BATCH_22449,0.0
BATCH_22452,0.0
BATCH_22453,66.66666666666666
BATCH_22454,0.0
BATCH_22456,0.0
BATCH_22457,0.0
BATCH_22458,100.0
BATCH_22459,33.33333333333333
BATCH_22460,50.0
BATCH_22461,0.0
BATCH_22462,0.0
BATCH_22464,100.0
BATCH_22465,100.0
BATCH_22466,33.33333333333333
BATCH_22469,50.0
BATCH_22471,100.0
BATCH_22472,0.0
BATCH_22473,0.0
BATCH_22474,100.0
BATCH_22475,0.0
BATCH_22477,66.66666666666666
BATCH_22478,100.0
BATCH_22479,0.0
BATCH_22484,50.0
BATCH_22485,0.0
BATCH_22486,50.0
BATCH_22487,0.0
BATCH_22488,0.0
BATCH_22489,0.0
BATCH_22490,0.0
BATCH_22491,0.0
BATCH_22492,50.0
BATCH_22493,0.0
BATCH_22494,0.0
BATCH_22496,0.0
BATCH_22498,66.66666666666666
BATCH_22499,50.0
BATCH_22501,100.0
BATCH_22502,0.0
BATCH_22503,0.0
BATCH_22504,100.0
BATCH_22507,33.33333333333333
BATCH_22508,0.0
BATCH_22509,100.0
BATCH_22510,0.0
BATCH_22511,0.0
BATCH_22513,0.0
BATCH_22514,100.0
BATCH_22515,50.0
BATCH_22517,0.0
BATCH_22518,100.0
BATCH_22519,50.0
BATCH_22520,100.0
BATCH_22521,50.0
BATCH_22522,100.0
BATCH_22523,0.0
BATCH_22525,0.0
BATCH_22527,100.0
BATCH_22529,100.0
BATCH_22530,0.0
BATCH_22531,0.0
BATCH_22539,100.0
BATCH_22540,66.66666666666666
BATCH_22542,0.0
BATCH_22544,100.0
BATCH_22545,0.0
BATCH_22547,100.0
BATCH_22550,100.0
BATCH_22552,100.0
BATCH_22553,50.0
BATCH_22554,0.0
BATCH_22556,100.0
BATCH_22557,0.0
BATCH_22561,0.0
BATCH_22562,50.0
BATCH_22564,100.0
BATCH_22566,100.0
BATCH_22567,50.0
BATCH_22568,100.0
BATCH_22573,0.0
BATCH_22574,0.0
BATCH_22575,50.0
BATCH_22576,50.0
BATCH_22577,0.0
BATCH_22578,0.0
BATCH_22579,100.0
BATCH_22580,0.0
BATCH_22581,100.0
BATCH_22583,100.0
BATCH_22584,0.0
BATCH_22586,0.0
BATCH_22587,100.0
BATCH_22589,0.0
BATCH_22591,50.0
BATCH_22592,0.0
BATCH_22593,0.0
BATCH_22596,0.0
BATCH_22599,100.0
BATCH_22600,100.0
BATCH_22601,100.0
BATCH_22602,0.0
BATCH_22603,50.0
BATCH_22604,0.0
BATCH_22605,66.66666666666666
BATCH_22608,0.0
BATCH_22610,50.0
BATCH_22611,100.0
BATCH_22612,0.0
BATCH_22617,0.0
BATCH_22618,0.0
BATCH_22619,0.0
BATCH_22621,0.0
BATCH_22622,0.0
BATCH_22624,100.0
BATCH_22626,50.0
BATCH_22627,0.0
BATCH_22628,50.0
BATCH_22632,0.0
BATCH_22633,0.0
BATCH_22634,0.0
BATCH_22635,50.0
BATCH_22637,100.0
BATCH_22638,25.0
BATCH_22639,100.0
BATCH_22641,75.0
BATCH_22643,0.0
BATCH_22647,0.0
BATCH_22650,100.0
BATCH_22652,100.0
BATCH_22653,100.0
BATCH_22654,0.0
BATCH_22655,100.0
BATCH_22657,50.0
BATCH_22661,0.0
BATCH_22663,0.0
BATCH_22664,33.33333333333333
BATCH_22665,0.0
BATCH_22667,0.0
BATCH_22668,0.0
BATCH_22670,100.0
BATCH_22671,0.0
BATCH_22672,0.0
BATCH_22673,100.0
BATCH_22674,50.0
BATCH_22677,0.0
BATCH_22679,0.0
BATCH_22680,0.0
BATCH_22681,0.0
BATCH_22683,0.0
BATCH_22684,0.0
BATCH_22685,100.0
BATCH_22686,0.0
BATCH_22687,33.33333333333333
BATCH_22688,0.0
BATCH_22689,0.0
BATCH_22690,100.0
BATCH_22692,25.0
BATCH_22693,100.0
BATCH_22694,50.0
BATCH_22696,0.0
BATCH_22697,0.0
BATCH_22698,100.0
BATCH_22700,100.0
BATCH_22702,100.0
BATCH_22705,100.0
BATCH_22706,100.0
BATCH_22707,50.0
BATCH_22708,50.0
BATCH_22710,66.66666666666666
BATCH_22714,50.0
BATCH_22715,0.0
BATCH_22716,50.0
BATCH_22723,100.0
BATCH_22724,50.0
BATCH_22726,100.0
BATCH_22728,33.33333333333333
BATCH_22731,0.0
BATCH_22732,50.0
BATCH_22733,0.0
BATCH_22736,33.33333333333333
BATCH_22737,50.0
BATCH_22738,0.0
BATCH_22739,33.33333333333333
BATCH_22740,0.0
BATCH_22741,100.0
BATCH_22742,0.0
BATCH_22744,0.0
BATCH_22746,100.0
BATCH_22747,100.0
BATCH_22749,100.0
BATCH_22752,100.0
BATCH_22753,100.0
BATCH_22754,100.0
BATCH_22756,50.0
BATCH_22757,0.0
BATCH_22758,66.66666666666666
BATCH_22759,0.0
BATCH_22760,0.0
BATCH_22763,0.0
BATCH_22766,100.0
BATCH_22771,100.0
BATCH_22773,50.0
BATCH_22776,50.0
BATCH_22777,0.0
BATCH_22780,100.0
BATCH_22782,25.0
BATCH_22783,100.0
BATCH_22784,50.0
BATCH_22786,0.0
BATCH_22787,0.0
BATCH_22792,66.66666666666666
BATCH_22793,100.0
BATCH_22795,0.0
BATCH_22797,0.0
BATCH_22798,0.0
BATCH_22799,50.0
BATCH_22800,66.66666666666666
BATCH_22801,0.0
BATCH_22802,33.33333333333333
BATCH_22804,100.0
BATCH_22805,0.0
BATCH_22807,50.0
BATCH_22808,0.0
BATCH_22810,0.0
BATCH_22811,0.0
BATCH_22812,100.0
BATCH_22813,0.0
BATCH_22814,0.0
BATCH_22817,100.0
BATCH_22819,0.0
BATCH_22821,0.0
BATCH_22823,0.0
BATCH_22826,0.0
BATCH_22828,0.0
BATCH_22830,50.0
BATCH_22834,100.0
BATCH_22835,50.0
BATCH_22836,100.0
BATCH_22838,0.0
BATCH_22840,0.0
BATCH_22841,50.0
BATCH_22843,0.0
BATCH_22844,0.0
BATCH_22846,0.0
BATCH_22847,100.0
BATCH_22848,0.0
BATCH_22849,0.0
BATCH_22850,66.66666666666666
BATCH_22851,0.0
BATCH_22857,0.0
BATCH_22858,0.0
BATCH_22859,50.0
BATCH_22862,100.0
BATCH_22863,0.0
BATCH_22864,100.0
BATCH_22865,50.0
BATCH_22867,50.0
BATCH_22868,0.0
BATCH_22870,100.0
BATCH_22871,25.0
BATCH_22872,33.33333333333333
BATCH_22873,0.0
BATCH_22874,0.0
BATCH_22875,0.0
BATCH_22876,25.0
BATCH_22877,100.0
BATCH_22878,100.0
BATCH_22880,100.0
BATCH_22881,0.0
BATCH_22882,50.0
BATCH_22884,100.0
BATCH_22885,0.0
BATCH_22887,100.0
BATCH_22888,0.0
BATCH_22892,100.0
BATCH_22894,0.0
BATCH_22896,0.0
BATCH_22898,0.0
BATCH_22900,0.0
BATCH_22902,0.0
BATCH_22903,50.0
BATCH_22904,100.0
BATCH_22905,0.0
BATCH_22907,0.0
BATCH_22908,0.0
BATCH_22912,0.0
BATCH_22913,100.0
BATCH_22915,0.0
BATCH_22916,0.0
BATCH_22917,100.0
BATCH_22918,0.0
BATCH_22920,0.0
BATCH_22922,100.0
BATCH_22923,0.0
BATCH_22924,100.0
BATCH_22925,33.33333333333333
BATCH_22926,0.0
BATCH_22927,100.0
BATCH_22928,0.0
BATCH_22929,33.33333333333333
BATCH_22930,0.0
BATCH_22931,0.0
BATCH_22932,0.0
BATCH_22933,0.0
BATCH_22934,0.0
BATCH_22936,50.0
BATCH_22937,100.0
BATCH_22938,100.0
BATCH_22939,0.0
BATCH_22940,50.0
BATCH_22941,0.0
BATCH_22943,66.66666666666666
BATCH_22944,50.0
BATCH_22947,0.0
BATCH_22948,0.0
BATCH_22949,100.0
BATCH_22950,66.66666666666666
BATCH_22951,100.0
BATCH_22952,100.0
BATCH_22953,0.0
BATCH_22954,0.0
BATCH_22955,0.0
BATCH_22956,0.0
BATCH_22957,0.0
BATCH_22958,0.0
BATCH_22961,66.66666666666666
BATCH_22962,100.0
BATCH_22963,0.0
BATCH_22968,0.0
BATCH_22971,50.0
BATCH_22973,0.0
BATCH_22974,50.0
BATCH_22975,0.0
BATCH_22978,0.0
BATCH_22979,100.0
BATCH_22980,0.0
BATCH_22989,100.0
BATCH_22991,0.0
BATCH_22995,0.0
BATCH_22996,100.0
BATCH_22997,100.0
BATCH_22998,100.0
BATCH_23001,100.0
BATCH_23002,0.0
BATCH_23005,100.0
BATCH_23008,0.0
BATCH_23011,0.0
BATCH_23012,0.0
BATCH_23013,0.0
BATCH_23015,100.0
BATCH_23018,0.0
BATCH_23020,100.0
BATCH_23023,50.0
BATCH_23024,100.0
BATCH_23025,0.0
BATCH_23027,100.0
BATCH_23028,50.0
BATCH_23029,0.0
BATCH_23031,0.0
BATCH_23034,100.0
BATCH_23035,0.0
BATCH_23037,0.0
BATCH_23039,0.0
BATCH_23040,75.0
BATCH_23041,0.0
BATCH_23044,0.0
BATCH_23046,0.0
BATCH_23049,0.0
BATCH_23052,33.33333333333333
BATCH_23057,0.0
BATCH_23058,0.0
BATCH_23061,100.0
BATCH_23062,50.0
BATCH_23064,0.0
BATCH_23067,25.0
BATCH_23068,0.0
BATCH_23069,0.0
BATCH_23070,0.0
BATCH_23072,50.0
BATCH_23073,0.0
BATCH_23075,0.0
BATCH_23080,0.0
BATCH_23081,0.0
BATCH_23082,50.0
BATCH_23083,20.0
BATCH_23087,50.0
BATCH_23088,100.0
BATCH_23089,50.0
BATCH_23090,0.0
BATCH_23093,0.0
BATCH_23096,100.0
BATCH_23097,100.0
BATCH_23098,50.0
BATCH_23100,0.0
BATCH_23101,0.0
BATCH_23103,50.0
BATCH_23104,0.0
BATCH_23105,100.0
BATCH_23106,50.0
BATCH_23107,50.0
BATCH_23109,0.0
BATCH_23111,100.0
BATCH_23112,0.0
BATCH_23114,100.0
BATCH_23115,0.0
BATCH_23118,100.0
BATCH_23120,66.66666666666666
BATCH_23121,0.0
BATCH_23122,0.0
BATCH_23123,100.0
BATCH_23124,33.33333333333333
BATCH_23125,50.0
BATCH_23126,80.0
BATCH_23128,100.0
BATCH_23130,100.0
BATCH_23131,0.0
BATCH_23132,50.0
BATCH_23133,100.0
BATCH_23136,50.0
BATCH_23140,100.0
BATCH_23141,0.0
BATCH_23142,0.0
BATCH_23143,100.0
BATCH_23145,100.0
BATCH_23147,50.0
BATCH_23148,0.0
BATCH_23150,100.0
BATCH_23151,0.0
BATCH_23152,0.0
BATCH_23154,100.0
BATCH_23155,100.0
BATCH_23156,0.0
BATCH_23157,0.0
BATCH_23158,50.0
BATCH_23159,0.0
BATCH_23160,0.0
BATCH_23161,0.0
BATCH_23162,100.0
BATCH_23163,100.0
BATCH_23164,0.0
BATCH_23165,0.0
BATCH_23166,50.0
BATCH_23168,0.0
BATCH_23171,100.0
BATCH_23175,100.0
BATCH_23176,0.0
BATCH_23178,0.0
BATCH_23179,0.0
BATCH_23181,0.0
BATCH_23185,50.0
BATCH_23186,0.0
BATCH_23187,100.0
BATCH_23188,0.0
BATCH_23189,0.0
BATCH_23190,50.0
BATCH_23191,50.0
BATCH_23192,0.0
BATCH_23194,0.0
BATCH_23195,100.0
BATCH_23196,0.0
BATCH_23198,0.0
BATCH_23199,0.0
BATCH_23200,100.0
BATCH_23202,50.0
BATCH_23203,0.0
BATCH_23204,66.66666666666666
BATCH_23205,50.0
BATCH_23207,100.0
BATCH_23208,0.0
BATCH_23211,0.0
BATCH_23212,100.0
BATCH_23214,0.0
BATCH_23216,50.0
BATCH_23217,0.0
BATCH_23218,100.0
BATCH_23219,0.0
BATCH_23221,50.0
BATCH_23223,0.0
BATCH_23226,100.0
BATCH_23227,0.0
BATCH_23229,0.0
BATCH_23230,50.0
BATCH_23232,0.0
BATCH_23233,0.0
BATCH_23235,0.0
BATCH_23236,25.0
BATCH_23237,0.0
BATCH_23240,0.0
BATCH_23242,50.0
BATCH_23243,100.0
BATCH_23246,33.33333333333333
BATCH_23249,0.0
BATCH_23251,100.0
BATCH_23252,100.0
BATCH_23253,0.0
BATCH_23255,100.0
BATCH_23257,100.0
BATCH_23258,0.0
BATCH_23260,100.0
BATCH_23262,0.0
BATCH_23263,100.0
BATCH_23264,0.0
BATCH_23265,0.0
BATCH_23266,100.0
BATCH_23267,0.0
BATCH_23269,0.0
BATCH_23270,0.0
BATCH_23271,0.0
BATCH_23272,0.0
BATCH_23273,0.0
BATCH_23276,100.0
BATCH_23278,0.0
BATCH_23279,100.0
BATCH_23282,0.0
BATCH_23283,66.66666666666666
BATCH_23285,100.0
BATCH_23288,100.0
BATCH_23289,0.0
BATCH_23290,0.0
BATCH_23291,0.0
BATCH_23293,100.0
BATCH_23294,0.0
BATCH_23297,0.0
BATCH_23300,0.0
BATCH_23302,100.0
BATCH_23303,0.0
BATCH_23305,100.0
BATCH_23306,0.0
BATCH_23307,0.0
BATCH_23308,100.0
BATCH_23309,0.0
BATCH_23311,100.0
BATCH_23312,0.0
BATCH_23313,0.0
BATCH_23314,50.0
BATCH_23315,0.0
BATCH_23321,100.0
BATCH_23322,0.0
BATCH_23324,0.0
BATCH_23325,0.0
BATCH_23327,0.0
BATCH_23328,0.0
BATCH_23329,0.0
BATCH_23330,0.0
BATCH_23332,0.0
BATCH_23333,66.66666666666666
BATCH_23334,0.0
BATCH_23338,50.0
BATCH_23339,0.0
BATCH_23341,0.0
BATCH_23342,0.0
BATCH_23343,0.0
BATCH_23344,0.0
BATCH_23348,0.0
BATCH_23350,100.0
BATCH_23351,0.0
BATCH_23352,0.0
BATCH_23353,100.0
BATCH_23355,0.0
BATCH_23356,0.0
BATCH_23357,0.0
BATCH_23358,50.0
BATCH_23360,0.0
BATCH_23363,0.0
BATCH_23364,100.0
BATCH_23367,0.0
BATCH_23368,100.0
BATCH_23370,0.0
BATCH_23371,0.0
BATCH_23372,0.0
BATCH_23373,100.0
BATCH_23374,0.0
BATCH_23375,0.0
BATCH_23376,0.0
BATCH_23378,0.0
BATCH_23379,50.0
BATCH_23383,0.0
BATCH_23387,0.0
BATCH_23389,0.0
BATCH_23391,0.0
BATCH_23392,0.0
BATCH_23393,0.0
BATCH_23394,0.0
BATCH_23395,0.0
BATCH_23396,50.0
BATCH_23397,0.0
BATCH_23398,0.0
BATCH_23399,25.0
BATCH_23400,100.0
BATCH_23401,0.0
BATCH_23402,0.0
BATCH_23403,0.0
BATCH_23404,25.0
BATCH_23406,0.0
BATCH_23407,50.0
BATCH_23409,0.0
BATCH_23410,100.0
BATCH_23411,50.0
BATCH_23412,25.0
BATCH_23413,100.0
BATCH_23415,0.0
BATCH_23416,0.0
BATCH_23419,0.0
BATCH_23420,0.0
BATCH_23422,50.0
BATCH_23427,0.0
BATCH_23428,100.0
BATCH_23429,0.0
BATCH_23430,0.0
BATCH_23431,50.0
BATCH_23433,100.0
BATCH_23434,100.0
BATCH_23436,50.0
BATCH_23437,33.33333333333333
BATCH_23438,0.0
BATCH_23439,100.0
BATCH_23440,0.0
BATCH_23441,0.0
BATCH_23442,100.0
BATCH_23444,100.0
BATCH_23445,100.0
BATCH_23446,0.0
BATCH_23447,50.0
BATCH_23448,100.0
BATCH_23449,0.0
BATCH_23450,100.0
BATCH_23451,100.0
BATCH_23454,0.0
BATCH_23455,33.33333333333333
BATCH_23456,66.66666666666666
BATCH_23459,50.0
BATCH_23460,0.0
BATCH_23461,0.0
BATCH_23462,50.0
BATCH_23463,50.0
BATCH_23464,100.0
BATCH_23465,0.0
BATCH_23470,0.0
BATCH_23473,0.0
BATCH_23475,0.0
BATCH_23478,100.0
BATCH_23479,0.0
BATCH_23481,0.0
BATCH_23483,0.0
BATCH_23484,50.0
BATCH_23486,0.0
BATCH_23489,0.0
BATCH_23490,33.33333333333333
BATCH_23491,100.0
BATCH_23493,50.0
BATCH_23494,100.0
BATCH_23495,50.0
BATCH_23497,0.0
BATCH_23501,50.0
BATCH_23502,100.0
BATCH_23503,25.0
BATCH_23504,100.0
BATCH_23505,66.66666666666666
BATCH_23506,0.0
BATCH_23507,0.0
BATCH_23510,50.0
BATCH_23511,100.0
BATCH_23518,0.0
BATCH_23519,0.0
BATCH_23521,0.0
BATCH_23522,100.0
BATCH_23523,0.0
BATCH_23525,0.0
BATCH_23527,50.0
BATCH_23530,100.0
BATCH_23534,0.0
BATCH_23535,0.0
BATCH_23536,0.0
BATCH_23537,50.0
BATCH_23540,50.0
BATCH_23541,33.33333333333333
BATCH_23544,33.33333333333333
BATCH_23546,100.0
BATCH_23547,0.0
BATCH_23548,100.0
BATCH_23549,0.0
BATCH_23551,100.0
BATCH_23553,100.0
BATCH_23555,66.66666666666666
BATCH_23557,0.0
BATCH_23558,75.0
BATCH_23559,0.0
BATCH_23562,0.0
BATCH_23563,100.0
BATCH_23564,0.0
BATCH_23565,50.0
BATCH_23566,0.0
BATCH_23567,100.0
BATCH_23569,0.0
BATCH_23571,0.0
BATCH_23576,66.66666666666666
BATCH_23578,0.0
BATCH_23582,75.0
BATCH_23583,33.33333333333333
BATCH_23587,100.0
BATCH_23589,0.0
BATCH_23590,100.0
BATCH_23592,50.0
BATCH_23593,100.0
BATCH_23594,0.0
BATCH_23595,0.0
BATCH_23597,0.0
BATCH_23599,0.0
BATCH_23602,0.0
BATCH_23603,66.66666666666666
BATCH_23604,0.0
BATCH_23606,100.0
BATCH_23609,50.0
BATCH_23610,0.0
BATCH_23611,100.0
BATCH_23612,50.0
BATCH_23614,0.0
BATCH_23615,50.0
BATCH_23619,100.0
BATCH_23620,0.0
BATCH_23622,33.33333333333333
BATCH_23623,50.0
BATCH_23625,0.0
BATCH_23628,0.0
BATCH_23630,0.0
BATCH_23631,100.0
BATCH_23632,0.0
BATCH_23634,66.66666666666666
BATCH_23635,50.0
BATCH_23637,100.0
BATCH_23638,0.0
BATCH_23639,0.0
BATCH_23640,33.33333333333333
BATCH_23642,100.0
BATCH_23643,0.0
BATCH_23645,33.33333333333333
BATCH_23646,50.0
BATCH_23647,0.0
BATCH_23648,0.0
BATCH_23649,40.0
BATCH_23650,100.0
BATCH_23651,50.0
BATCH_23656,0.0
BATCH_23657,0.0
BATCH_23658,100.0
BATCH_23659,50.0
BATCH_23660,0.0
BATCH_23661,100.0
BATCH_23662,0.0
BATCH_23663,100.0
BATCH_23664,0.0
BATCH_23665,100.0
BATCH_23667,100.0
BATCH_23668,0.0
BATCH_23669,50.0
BATCH_23671,0.0
BATCH_23672,50.0
BATCH_23673,0.0
BATCH_23674,100.0
BATCH_23675,100.0
BATCH_23676,50.0
BATCH_23677,100.0
BATCH_23679,33.33333333333333
BATCH_23681,0.0
BATCH_23682,100.0
BATCH_23684,0.0
BATCH_23685,0.0
BATCH_23686,0.0
BATCH_23687,100.0
BATCH_23688,0.0
BATCH_23689,100.0
BATCH_23690,0.0
BATCH_23694,50.0
BATCH_23698,0.0
BATCH_23699,50.0
BATCH_23701,50.0
BATCH_23702,0.0
BATCH_23703,0.0
BATCH_23707,100.0
BATCH_23708,0.0
BATCH_23711,100.0
BATCH_23712,50.0
BATCH_23713,100.0
BATCH_23715,100.0
BATCH_23718,0.0
BATCH_23719,66.66666666666666
BATCH_23721,0.0
BATCH_23722,100.0
BATCH_23723,0.0
BATCH_23724,0.0
BATCH_23725,0.0
BATCH_23726,33.33333333333333
BATCH_23728,0.0
BATCH_23729,100.0
BATCH_23730,100.0
BATCH_23733,0.0
BATCH_23734,100.0
BATCH_23735,50.0
BATCH_23736,100.0
BATCH_23738,0.0
BATCH_23739,0.0
BATCH_23741,0.0
BATCH_23742,100.0
BATCH_23743,100.0
BATCH_23744,0.0
BATCH_23745,0.0
BATCH_23746,0.0
BATCH_23747,33.33333333333333
BATCH_23748,66.66666666666666
BATCH_23750,0.0
BATCH_23751,0.0
BATCH_23753,50.0
BATCH_23754,0.0
BATCH_23757,100.0
BATCH_23758,66.66666666666666
BATCH_23759,0.0
BATCH_23760,100.0
BATCH_23761,100.0
BATCH_23762,100.0
BATCH_23763,0.0
BATCH_23764,0.0
BATCH_23765,100.0
BATCH_23767,0.0
BATCH_23768,0.0
BATCH_23770,100.0
BATCH_23772,50.0
BATCH_23773,0.0
BATCH_23776,33.33333333333333
BATCH_23777,50.0
BATCH_23778,100.0
BATCH_23779,0.0
BATCH_23781,50.0
BATCH_23782,0.0
BATCH_23783,100.0
BATCH_23784,50.0
BATCH_23785,0.0
BATCH_23787,100.0
BATCH_23788,0.0
BATCH_23789,33.33333333333333
BATCH_23790,0.0
BATCH_23791,33.33333333333333
BATCH_23793,0.0
BATCH_23795,0.0
BATCH_23796,100.0
BATCH_23802,100.0
BATCH_23803,0.0
BATCH_23805,100.0
BATCH_23806,100.0
BATCH_23807,0.0
BATCH_23809,100.0
BATCH_23810,33.33333333333333
BATCH_23813,100.0
BATCH_23814,100.0
BATCH_23815,50.0
BATCH_23816,0.0
BATCH_23817,100.0
BATCH_23821,100.0
BATCH_23822,50.0
BATCH_23826,50.0
BATCH_23828,0.0
BATCH_23829,100.0
BATCH_23831,0.0
BATCH_23832,0.0
BATCH_23833,100.0
BATCH_23835,0.0
BATCH_23836,50.0
BATCH_23837,100.0
BATCH_23839,0.0
BATCH_23840,0.0
BATCH_23841,0.0
BATCH_23843,100.0
BATCH_23844,100.0
BATCH_23845,0.0
BATCH_23846,50.0
BATCH_23847,0.0
BATCH_23849,0.0
BATCH_23851,0.0
BATCH_23854,25.0
BATCH_23855,50.0
BATCH_23857,0.0
BATCH_23859,0.0
BATCH_23860,100.0
BATCH_23862,25.0
BATCH_23863,0.0
BATCH_23866,100.0
BATCH_23867,100.0
BATCH_23869,100.0
BATCH_23872,0.0
BATCH_23874,100.0
BATCH_23875,66.66666666666666
BATCH_23876,0.0
BATCH_23878,100.0
BATCH_23879,25.0
BATCH_23881,100.0
BATCH_23883,0.0
BATCH_23887,0.0
BATCH_23888,0.0
BATCH_23891,0.0
BATCH_23893,0.0
BATCH_23894,33.33333333333333
BATCH_23895,100.0
BATCH_23897,0.0
BATCH_23898,100.0
BATCH_23899,66.66666666666666
BATCH_23900,100.0
BATCH_23901,100.0
BATCH_23902,0.0
BATCH_23905,0.0
BATCH_23907,50.0
BATCH_23909,100.0
BATCH_23910,0.0
BATCH_23911,0.0
BATCH_23912,0.0
BATCH_23913,50.0
BATCH_23915,50.0
BATCH_23916,100.0
BATCH_23917,0.0
BATCH_23918,0.0
BATCH_23919,100.0
BATCH_23920,0.0
BATCH_23922,0.0
BATCH_23925,50.0
BATCH_23927,0.0
BATCH_23929,0.0
BATCH_23932,100.0
BATCH_23933,0.0
BATCH_23934,50.0
BATCH_23936,100.0
BATCH_23937,50.0
BATCH_23939,100.0
BATCH_23940,0.0
BATCH_23942,0.0
BATCH_23943,0.0
BATCH_23944,0.0
BATCH_23945,0.0
BATCH_23946,0.0
BATCH_23947,100.0
BATCH_23948,0.0
BATCH_23951,0.0
BATCH_23952,50.0
BATCH_23953,100.0
BATCH_23956,0.0
BATCH_23958,100.0
BATCH_23960,0.0
BATCH_23961,0.0
BATCH_23962,0.0
BATCH_23964,0.0
BATCH_23967,50.0
BATCH_23969,100.0
BATCH_23970,100.0
BATCH_23972,50.0
BATCH_23974,0.0
BATCH_23975,0.0
BATCH_23978,0.0
BATCH_23979,0.0
BATCH_23980,100.0
BATCH_23984,0.0
BATCH_23986,0.0
BATCH_23989,100.0
BATCH_23991,20.0
BATCH_23992,0.0
BATCH_23993,0.0
BATCH_23997,0.0
BATCH_24000,66.66666666666666
BATCH_24001,0.0
BATCH_24002,0.0
BATCH_24003,100.0
BATCH_24004,0.0
BATCH_24006,0.0
BATCH_24007,0.0
BATCH_24008,60.0
BATCH_24009,100.0
BATCH_24010,100.0
BATCH_24013,0.0
BATCH_24017,100.0
BATCH_24018,0.0
BATCH_24020,100.0
BATCH_24021,100.0
BATCH_24022,50.0
BATCH_24023,100.0
BATCH_24024,0.0
BATCH_24029,50.0
BATCH_24030,0.0
BATCH_24033,33.33333333333333
BATCH_24034,100.0
BATCH_24035,33.33333333333333
BATCH_24037,50.0
BATCH_24038,33.33333333333333
BATCH_24040,0.0
BATCH_24041,100.0
BATCH_24042,100.0
BATCH_24044,0.0
BATCH_24045,0.0
BATCH_24046,100.0
BATCH_24048,0.0
BATCH_24049,100.0
BATCH_24050,0.0
BATCH_24051,100.0
BATCH_24054,50.0
BATCH_24056,100.0
BATCH_24057,0.0
BATCH_24058,50.0
BATCH_24059,0.0
BATCH_24060,100.0
BATCH_24061,100.0
BATCH_24062,0.0
BATCH_24063,100.0
BATCH_24064,0.0
BATCH_24065,0.0
BATCH_24066,33.33333333333333
BATCH_24068,100.0
BATCH_24070,0.0
BATCH_24071,0.0
BATCH_24073,0.0
BATCH_24074,100.0
BATCH_24075,50.0
BATCH_24076,50.0
BATCH_24077,0.0
BATCH_24078,100.0
BATCH_24081,0.0
BATCH_24082,0.0
BATCH_24084,0.0
BATCH_24085,0.0
BATCH_24086,100.0
BATCH_24087,33.33333333333333
BATCH_24088,100.0
BATCH_24089,0.0
BATCH_24090,0.0
BATCH_24091,100.0
BATCH_24093,50.0
BATCH_24095,0.0
BATCH_24096,0.0
BATCH_24098,0.0
BATCH_24100,50.0
BATCH_24102,0.0
BATCH_24103,50.0
BATCH_24104,0.0
BATCH_24105,0.0
BATCH_24106,0.0
BATCH_24107,100.0
BATCH_24108,100.0
BATCH_24109,50.0
BATCH_24110,100.0
BATCH_24111,100.0
BATCH_24112,50.0
BATCH_24114,0.0
BATCH_24115,0.0
BATCH_24116,50.0
BATCH_24117,0.0
BATCH_24119,50.0
BATCH_24121,0.0
BATCH_24123,100.0
BATCH_24124,0.0
BATCH_24126,0.0
BATCH_24127,100.0
BATCH_24129,0.0
BATCH_24130,100.0
BATCH_24132,40.0
BATCH_24133,0.0
BATCH_24134,0.0
BATCH_24135,0.0
BATCH_24136,0.0
BATCH_24137,0.0
BATCH_24140,50.0
BATCH_24142,0.0
BATCH_24144,0.0
BATCH_24145,100.0
BATCH_24146,0.0
BATCH_24148,50.0
BATCH_24149,66.66666666666666
BATCH_24151,100.0
BATCH_24152,100.0
BATCH_24153,100.0
BATCH_24155,0.0
BATCH_24156,100.0
BATCH_24157,100.0
BATCH_24159,0.0
BATCH_24162,100.0
BATCH_24163,0.0
BATCH_24167,100.0
BATCH_24168,33.33333333333333
BATCH_24169,100.0
BATCH_24170,0.0
BATCH_24171,66.66666666666666
BATCH_24173,100.0
BATCH_24179,100.0
BATCH_24180,50.0
BATCH_24181,0.0
BATCH_24182,0.0
BATCH_24183,0.0
BATCH_24184,0.0
BATCH_24185,50.0
BATCH_24186,0.0
BATCH_24187,33.33333333333333
BATCH_24188,0.0
BATCH_24189,50.0
BATCH_24192,0.0
BATCH_24193,100.0
BATCH_24194,0.0
BATCH_24196,100.0
BATCH_24198,0.0
BATCH_24199,0.0
BATCH_24200,100.0
BATCH_24203,100.0
BATCH_24204,50.0
BATCH_24205,100.0
BATCH_24206,0.0
BATCH_24207,0.0
BATCH_24208,66.66666666666666
BATCH_24209,0.0
BATCH_24211,0.0
BATCH_24212,66.66666666666666
BATCH_24214,0.0
BATCH_24215,0.0
BATCH_24216,0.0
BATCH_24219,100.0
BATCH_24221,0.0
BATCH_24222,0.0
BATCH_24223,0.0
BATCH_24224,0.0
BATCH_24226,50.0
BATCH_24227,0.0
BATCH_24229,0.0
BATCH_24230,100.0
BATCH_24232,0.0
BATCH_24233,100.0
BATCH_24235,0.0
BATCH_24238,0.0
BATCH_24241,0.0
BATCH_24242,100.0
BATCH_24243,0.0
BATCH_24245,0.0
BATCH_24247,100.0
BATCH_24249,0.0
BATCH_24251,0.0
BATCH_24252,100.0
BATCH_24255,100.0
BATCH_24256,0.0
BATCH_24257,100.0
BATCH_24258,0.0
BATCH_24259,50.0
BATCH_24261,100.0
BATCH_24262,0.0
BATCH_24263,100.0
BATCH_24265,0.0
BATCH_24269,0.0
BATCH_24271,0.0
BATCH_24273,0.0
BATCH_24274,66.66666666666666
BATCH_24277,0.0
BATCH_24283,100.0
BATCH_24284,100.0
BATCH_24285,0.0
BATCH_24287,50.0
BATCH_24288,0.0
BATCH_24290,0.0
BATCH_24291,0.0
BATCH_24292,0.0
BATCH_24293,66.66666666666666
BATCH_24294,50.0
BATCH_24295,0.0
BATCH_24296,100.0
BATCH_24297,100.0
BATCH_24298,0.0
BATCH_24300,0.0
BATCH_24301,100.0
BATCH_24302,0.0
BATCH_24303,0.0
BATCH_24304,33.33333333333333
BATCH_24305,0.0
BATCH_24306,0.0
BATCH_24307,66.66666666666666
BATCH_24308,0.0
BATCH_24310,0.0
BATCH_24312,0.0
BATCH_24313,100.0
BATCH_24315,0.0
BATCH_24317,100.0
BATCH_24319,40.0
BATCH_24320,100.0
BATCH_24322,50.0
BATCH_24323,100.0
BATCH_24325,100.0
BATCH_24326,0.0
BATCH_24329,100.0
BATCH_24331,0.0
BATCH_24340,0.0
BATCH_24341,100.0
BATCH_24342,100.0
BATCH_24343,100.0
BATCH_24345,100.0
BATCH_24346,100.0
BATCH_24348,0.0
BATCH_24349,0.0
BATCH_24350,0.0
BATCH_24353,0.0
BATCH_24354,50.0
BATCH_24355,0.0
BATCH_24358,33.33333333333333
BATCH_24359,100.0
BATCH_24361,0.0
BATCH_24362,100.0
BATCH_24363,25.0
BATCH_24364,100.0
BATCH_24365,0.0
BATCH_24367,100.0
BATCH_24368,0.0
BATCH_24369,100.0
BATCH_24371,0.0
BATCH_24372,0.0
BATCH_24376,0.0
BATCH_24377,0.0
BATCH_24378,100.0
BATCH_24379,100.0
BATCH_24380,0.0
BATCH_24381,100.0
BATCH_24383,0.0
BATCH_24384,0.0
BATCH_24386,100.0
BATCH_24387,0.0
BATCH_24388,33.33333333333333
BATCH_24389,0.0
BATCH_24390,100.0
BATCH_24392,100.0
BATCH_24394,0.0
BATCH_24395,100.0
BATCH_24396,50.0
BATCH_24397,100.0
BATCH_24398,100.0
BATCH_24399,0.0
BATCH_24401,0.0
BATCH_24405,66.66666666666666
BATCH_24406,100.0
BATCH_24407,50.0
BATCH_24408,0.0
BATCH_24409,0.0
BATCH_24411,100.0
BATCH_24413,0.0
BATCH_24414,100.0
BATCH_24415,0.0
BATCH_24416,0.0
BATCH_24418,100.0
BATCH_24419,100.0
BATCH_24421,0.0
BATCH_24422,100.0
BATCH_24423,0.0
BATCH_24424,25.0
BATCH_24426,0.0
BATCH_24427,100.0
BATCH_24428,0.0
BATCH_24431,0.0
BATCH_24432,100.0
BATCH_24434,0.0
BATCH_24435,0.0
BATCH_24436,25.0
BATCH_24437,0.0
BATCH_24438,100.0
BATCH_24440,0.0
BATCH_24443,100.0
BATCH_24445,100.0
BATCH_24447,100.0
BATCH_24450,50.0
BATCH_24452,0.0
BATCH_24453,50.0
BATCH_24454,0.0
BATCH_24456,0.0
BATCH_24457,0.0
BATCH_24458,0.0
BATCH_24460,100.0
BATCH_24461,100.0
BATCH_24463,50.0
BATCH_24464,0.0
BATCH_24465,50.0
BATCH_24466,100.0
BATCH_24467,100.0
BATCH_24468,0.0
BATCH_24469,50.0
BATCH_24470,50.0
BATCH_24472,100.0
BATCH_24473,0.0
BATCH_24474,50.0
BATCH_24475,100.0
BATCH_24476,0.0
BATCH_24477,100.0
BATCH_24479,50.0
BATCH_24481,50.0
BATCH_24482,50.0
BATCH_24484,0.0
BATCH_24485,0.0
BATCH_24486,50.0
BATCH_24487,0.0
BATCH_24489,33.33333333333333
BATCH_24490,0.0
BATCH_24491,100.0
BATCH_24492,0.0
BATCH_24493,0.0
BATCH_24496,0.0
BATCH_24497,0.0
BATCH_24498,0.0
BATCH_24499,0.0
BATCH_24501,0.0
BATCH_24503,100.0
BATCH_24505,66.66666666666666
BATCH_24506,100.0
BATCH_24507,100.0
BATCH_24508,0.0
BATCH_24509,100.0
BATCH_24510,100.0
BATCH_24514,100.0
BATCH_24515,100.0
BATCH_24516,33.33333333333333
BATCH_24517,0.0
BATCH_24519,0.0
BATCH_24520,0.0
BATCH_24522,50.0
BATCH_24523,0.0
BATCH_24524,100.0
BATCH_24526,0.0
BATCH_24527,50.0
BATCH_24531,0.0
BATCH_24532,0.0
BATCH_24533,50.0
BATCH_24536,0.0
BATCH_24537,100.0
BATCH_24538,50.0
BATCH_24539,50.0
BATCH_24540,100.0
BATCH_24542,100.0
BATCH_24543,0.0
BATCH_24544,0.0
BATCH_24545,75.0
BATCH_24547,100.0
BATCH_24549,0.0
BATCH_24550,0.0
BATCH_24551,0.0
BATCH_24552,100.0
BATCH_24554,0.0
BATCH_24555,0.0
BATCH_24556,0.0
BATCH_24557,0.0
BATCH_24558,0.0
BATCH_24559,100.0
BATCH_24560,0.0
BATCH_24563,0.0
BATCH_24564,33.33333333333333
BATCH_24565,100.0
BATCH_24566,0.0
BATCH_24568,33.33333333333333
BATCH_24573,0.0
BATCH_24574,0.0
BATCH_24575,50.0
BATCH_24576,100.0
BATCH_24577,100.0
BATCH_24578,0.0
BATCH_24579,0.0
BATCH_24580,100.0
BATCH_24582,50.0
BATCH_24583,0.0
BATCH_24585,0.0
BATCH_24587,100.0
BATCH_24588,0.0
BATCH_24589,0.0
BATCH_24590,0.0
BATCH_24591,0.0
BATCH_24592,100.0
BATCH_24593,100.0
BATCH_24595,0.0
BATCH_24596,50.0
BATCH_24597,100.0
BATCH_24598,100.0
BATCH_24602,0.0
BATCH_24604,50.0
BATCH_24606,0.0
BATCH_24609,0.0
BATCH_24610,100.0
BATCH_24611,100.0
BATCH_24612,50.0
BATCH_24613,50.0
BATCH_24614,50.0
BATCH_24615,0.0
BATCH_24616,0.0
BATCH_24618,0.0
BATCH_24619,100.0
BATCH_24621,50.0
BATCH_24622,100.0
BATCH_24624,100.0
BATCH_24625,0.0
BATCH_24627,0.0
BATCH_24630,0.0
BATCH_24631,50.0
BATCH_24632,0.0
BATCH_24634,0.0
BATCH_24635,100.0
BATCH_24636,100.0
BATCH_24638,100.0
BATCH_24639,0.0
BATCH_24640,0.0
BATCH_24641,0.0
BATCH_24642,50.0
BATCH_24643,100.0
BATCH_24645,100.0
BATCH_24646,50.0
BATCH_24647,0.0
BATCH_24648,50.0
BATCH_24650,100.0
BATCH_24652,66.66666666666666
BATCH_24655,0.0
BATCH_24656,0.0
BATCH_24657,0.0
BATCH_24658,100.0
BATCH_24659,100.0
BATCH_24662,0.0
BATCH_24663,100.0
BATCH_24664,100.0
BATCH_24665,0.0
BATCH_24666,100.0
BATCH_24668,0.0
BATCH_24669,100.0
BATCH_24671,0.0
BATCH_24672,100.0
BATCH_24673,66.66666666666666
BATCH_24674,50.0
BATCH_24675,33.33333333333333
BATCH_24677,50.0
BATCH_24678,0.0
BATCH_24680,0.0
BATCH_24683,100.0
BATCH_24684,0.0
BATCH_24685,100.0
BATCH_24686,100.0
BATCH_24688,100.0
BATCH_24689,100.0
BATCH_24690,0.0
BATCH_24693,0.0
BATCH_24695,50.0
BATCH_24696,50.0
BATCH_24698,0.0
BATCH_24701,100.0
BATCH_24703,0.0
BATCH_24705,100.0
BATCH_24706,0.0
BATCH_24707,0.0
BATCH_24710,0.0
BATCH_24713,0.0
BATCH_24714,100.0
BATCH_24715,33.33333333333333
BATCH_24716,0.0
BATCH_24717,100.0
BATCH_24718,0.0
BATCH_24721,100.0
BATCH_24722,0.0
BATCH_24724,0.0
BATCH_24725,100.0
BATCH_24726,20.0
BATCH_24727,0.0
BATCH_24728,0.0
BATCH_24730,0.0
BATCH_24731,0.0
BATCH_24733,0.0
BATCH_24734,0.0
BATCH_24735,0.0
BATCH_24736,0.0
BATCH_24738,100.0
BATCH_24739,50.0
BATCH_24741,50.0
BATCH_24742,0.0
BATCH_24743,100.0
BATCH_24745,0.0
BATCH_24747,50.0
BATCH_24749,0.0
BATCH_24751,0.0
BATCH_24753,0.0
BATCH_24754,0.0
BATCH_24760,0.0
BATCH_24762,0.0
BATCH_24763,100.0
BATCH_24764,0.0
BATCH_24768,33.33333333333333
BATCH_24769,33.33333333333333
BATCH_24770,100.0
BATCH_24771,0.0
BATCH_24773,0.0
BATCH_24774,0.0
BATCH_24776,66.66666666666666
BATCH_24777,0.0
BATCH_24778,50.0
BATCH_24781,100.0
BATCH_24783,50.0
BATCH_24784,100.0
BATCH_24785,0.0
BATCH_24786,50.0
BATCH_24787,0.0
BATCH_24789,50.0
BATCH_24790,25.0
BATCH_24791,0.0
BATCH_24794,100.0
BATCH_24795,100.0
BATCH_24796,100.0
BATCH_24797,33.33333333333333
BATCH_24798,0.0
BATCH_24801,0.0
BATCH_24805,0.0
BATCH_24806,50.0
BATCH_24807,50.0
BATCH_24808,0.0
BATCH_24809,0.0
BATCH_24811,50.0
BATCH_24812,66.66666666666666
BATCH_24813,0.0
BATCH_24814,0.0
BATCH_24815,100.0
BATCH_24816,0.0
BATCH_24819,0.0
BATCH_24820,50.0
BATCH_24821,100.0
BATCH_24822,0.0
BATCH_24824,0.0
BATCH_24825,100.0
BATCH_24826,0.0
BATCH_24827,0.0
BATCH_24829,0.0
BATCH_24830,100.0
BATCH_24832,0.0
BATCH_24834,0.0
BATCH_24835,0.0
BATCH_24837,50.0
BATCH_24839,50.0
BATCH_24840,0.0
BATCH_24841,0.0
BATCH_24842,100.0
BATCH_24844,0.0
BATCH_24846,50.0
BATCH_24847,0.0
BATCH_24848,100.0
BATCH_24849,100.0
BATCH_24850,0.0
BATCH_24851,0.0
BATCH_24852,0.0
BATCH_24853,100.0
BATCH_24854,100.0
BATCH_24855,0.0
BATCH_24856,0.0
BATCH_24857,100.0
BATCH_24858,0.0
BATCH_24859,100.0
BATCH_24860,50.0
BATCH_24861,100.0
BATCH_24862,100.0
BATCH_24863,100.0
BATCH_24864,0.0
BATCH_24865,50.0
BATCH_24866,0.0
BATCH_24870,100.0
BATCH_24873,50.0
BATCH_24874,0.0
BATCH_24875,0.0
BATCH_24876,50.0
BATCH_24877,100.0
BATCH_24878,100.0
BATCH_24883,0.0
BATCH_24884,0.0
BATCH_24885,0.0
BATCH_24888,33.33333333333333
BATCH_24889,0.0
BATCH_24890,0.0
BATCH_24891,50.0
BATCH_24892,100.0
BATCH_24893,100.0
BATCH_24894,0.0
BATCH_24895,0.0
BATCH_24896,100.0
BATCH_24897,0.0
BATCH_24900,0.0
BATCH_24901,33.33333333333333
BATCH_24902,0.0
BATCH_24903,100.0
BATCH_24906,0.0
BATCH_24908,0.0
BATCH_24910,50.0
BATCH_24911,33.33333333333333
BATCH_24912,0.0
BATCH_24913,50.0
BATCH_24914,0.0
BATCH_24915,33.33333333333333
BATCH_24916,0.0
BATCH_24918,33.33333333333333
BATCH_24919,66.66666666666666
BATCH_24920,33.33333333333333
BATCH_24921,100.0
BATCH_24922,25.0
BATCH_24925,50.0
BATCH_24926,0.0
BATCH_24927,100.0
BATCH_24929,0.0
BATCH_24930,0.0
BATCH_24932,100.0
BATCH_24933,50.0
BATCH_24934,0.0
BATCH_24935,66.66666666666666
BATCH_24940,50.0
BATCH_24941,0.0
BATCH_24942,50.0
BATCH_24943,100.0
BATCH_24944,0.0
BATCH_24946,50.0
BATCH_24948,50.0
BATCH_24950,0.0
BATCH_24951,0.0
BATCH_24952,0.0
BATCH_24953,100.0
BATCH_24955,0.0
BATCH_24958,100.0
BATCH_24959,33.33333333333333
BATCH_24963,0.0
BATCH_24965,0.0
BATCH_24968,50.0
BATCH_24969,50.0
BATCH_24970,0.0
BATCH_24971,0.0
BATCH_24972,0.0
BATCH_24974,100.0
BATCH_24975,66.66666666666666
BATCH_24977,100.0
BATCH_24978,100.0
BATCH_24979,100.0
BATCH_24980,0.0
BATCH_24981,50.0
BATCH_24982,0.0
BATCH_24984,100.0
BATCH_24986,0.0
BATCH_24987,100.0
BATCH_24989,0.0
BATCH_24991,0.0
BATCH_24992,0.0
BATCH_24994,25.0
BATCH_24995,0.0
BATCH_24997,50.0
BATCH_24999,0.0
BATCH_25003,0.0
BATCH_25006,0.0
BATCH_25007,66.66666666666666
BATCH_25008,66.66666666666666
BATCH_25010,0.0
BATCH_25013,100.0
BATCH_25015,0.0
BATCH_25016,0.0
BATCH_25017,80.0
BATCH_25018,100.0
BATCH_25019,0.0
BATCH_25020,0.0
BATCH_25021,0.0
BATCH_25023,66.66666666666666
BATCH_25024,0.0
BATCH_25025,0.0
BATCH_25026,0.0
BATCH_25028,0.0
BATCH_25032,100.0
BATCH_25033,50.0
BATCH_25036,100.0
BATCH_25037,0.0
BATCH_25040,50.0
BATCH_25044,100.0
BATCH_25045,100.0
BATCH_25047,50.0
BATCH_25049,0.0
BATCH_25051,0.0
BATCH_25052,0.0
BATCH_25054,50.0
BATCH_25055,33.33333333333333
BATCH_25057,50.0
BATCH_25058,0.0
BATCH_25059,50.0
BATCH_25060,0.0
BATCH_25063,50.0
BATCH_25064,50.0
BATCH_25065,33.33333333333333
BATCH_25067,100.0
BATCH_25068,0.0
BATCH_25070,0.0
BATCH_25071,0.0
BATCH_25072,0.0
BATCH_25074,100.0
BATCH_25076,50.0
BATCH_25080,50.0
BATCH_25081,100.0
BATCH_25082,100.0
BATCH_25085,50.0
BATCH_25088,100.0
BATCH_25089,100.0
BATCH_25090,100.0
BATCH_25091,100.0
BATCH_25092,100.0
BATCH_25095,0.0
BATCH_25097,0.0
BATCH_25098,0.0
BATCH_25099,0.0
BATCH_25102,66.66666666666666
BATCH_25103,0.0
BATCH_25105,0.0
BATCH_25106,50.0
BATCH_25108,100.0
BATCH_25109,33.33333333333333
BATCH_25112,50.0
BATCH_25114,0.0
BATCH_25115,100.0
BATCH_25116,100.0
BATCH_25118,100.0
BATCH_25123,0.0
BATCH_25127,0.0
BATCH_25128,25.0
BATCH_25129,0.0
BATCH_25132,50.0
BATCH_25133,50.0
BATCH_25137,0.0
BATCH_25138,0.0
BATCH_25139,100.0
BATCH_25140,0.0
BATCH_25141,33.33333333333333
BATCH_25142,50.0
BATCH_25144,0.0
BATCH_25145,50.0
BATCH_25146,100.0
BATCH_25147,0.0
BATCH_25148,100.0
BATCH_25149,0.0
BATCH_25151,0.0
BATCH_25152,66.66666666666666
BATCH_25153,0.0
BATCH_25154,50.0
BATCH_25157,100.0
BATCH_25158,100.0
BATCH_25160,0.0
BATCH_25161,0.0
BATCH_25162,0.0
BATCH_25164,100.0
BATCH_25166,100.0
BATCH_25171,0.0
BATCH_25172,100.0
BATCH_25174,0.0
BATCH_25175,100.0
BATCH_25176,100.0
BATCH_25181,0.0
BATCH_25182,0.0
BATCH_25185,0.0
BATCH_25186,0.0
BATCH_25187,0.0
BATCH_25188,50.0
BATCH_25190,50.0
BATCH_25192,50.0
BATCH_25193,100.0
BATCH_25194,0.0
BATCH_25197,66.66666666666666
BATCH_25198,100.0
BATCH_25200,0.0
BATCH_25201,33.33333333333333
BATCH_25202,0.0
BATCH_25203,0.0
BATCH_25204,50.0
BATCH_25205,0.0
BATCH_25208,0.0
BATCH_25209,0.0
BATCH_25210,33.33333333333333
BATCH_25211,100.0
BATCH_25212,20.0
BATCH_25213,0.0
BATCH_25214,0.0
BATCH_25215,100.0
BATCH_25217,0.0
BATCH_25218,100.0
BATCH_25219,0.0
BATCH_25220,0.0
BATCH_25221,0.0
BATCH_25222,100.0
BATCH_25223,100.0
BATCH_25224,33.33333333333333
BATCH_25225,100.0
BATCH_25226,0.0
BATCH_25227,100.0
BATCH_25229,0.0
BATCH_25230,0.0
BATCH_25232,33.33333333333333
BATCH_25233,0.0
BATCH_25235,0.0
BATCH_25236,100.0
BATCH_25237,0.0
BATCH_25239,33.33333333333333
BATCH_25240,0.0
BATCH_25241,100.0
BATCH_25242,0.0
BATCH_25243,100.0
BATCH_25244,0.0
BATCH_25245,100.0
BATCH_25246,100.0
BATCH_25248,0.0
BATCH_25249,0.0
BATCH_25250,100.0
BATCH_25251,0.0
BATCH_25254,33.33333333333333
BATCH_25256,100.0
BATCH_25260,0.0
BATCH_25262,50.0
BATCH_25264,0.0
BATCH_25267,0.0
BATCH_25268,0.0
BATCH_25269,0.0
BATCH_25271,0.0
BATCH_25272,80.0
BATCH_25275,0.0
BATCH_25278,0.0
BATCH_25279,0.0
BATCH_25281,50.0
BATCH_25282,0.0
BATCH_25283,100.0
BATCH_25284,0.0
BATCH_25285,0.0
BATCH_25286,100.0
BATCH_25289,0.0
BATCH_25291,0.0
BATCH_25292,0.0
BATCH_25293,0.0
BATCH_25294,100.0
BATCH_25295,50.0
BATCH_25297,50.0
BATCH_25299,50.0
BATCH_25301,0.0
BATCH_25302,0.0
BATCH_25303,100.0
BATCH_25304,25.0
BATCH_25305,0.0
BATCH_25306,0.0
BATCH_25308,0.0
BATCH_25309,100.0
BATCH_25310,50.0
BATCH_25311,100.0
BATCH_25312,100.0
BATCH_25314,0.0
BATCH_25315,50.0
BATCH_25317,0.0
BATCH_25318,100.0
BATCH_25320,100.0
BATCH_25322,100.0
BATCH_25323,66.66666666666666
BATCH_25324,100.0
BATCH_25326,0.0
BATCH_25327,0.0
BATCH_25329,100.0
BATCH_25330,50.0
BATCH_25332,100.0
BATCH_25333,0.0
BATCH_25334,0.0
BATCH_25337,100.0
BATCH_25340,100.0
BATCH_25342,0.0
BATCH_25344,33.33333333333333
BATCH_25345,100.0
BATCH_25347,100.0
BATCH_25348,0.0
BATCH_25353,100.0
BATCH_25354,0.0
BATCH_25355,0.0
BATCH_25356,100.0
BATCH_25357,0.0
BATCH_25358,0.0
BATCH_25361,0.0
BATCH_25364,100.0
BATCH_25365,0.0
BATCH_25366,50.0
BATCH_25367,100.0
BATCH_25370,0.0
BATCH_25373,0.0
BATCH_25374,100.0
BATCH_25376,0.0
BATCH_25380,0.0
BATCH_25381,100.0
BATCH_25382,50.0
BATCH_25383,0.0
BATCH_25385,50.0
BATCH_25386,50.0
BATCH_25387,0.0
BATCH_25390,100.0
BATCH_25392,100.0
BATCH_25393,0.0
BATCH_25394,100.0
BATCH_25395,100.0
BATCH_25398,100.0
BATCH_25399,100.0
BATCH_25401,100.0
BATCH_25402,0.0
BATCH_25407,0.0
BATCH_25408,100.0
BATCH_25410,100.0
BATCH_25412,100.0
BATCH_25413,0.0
BATCH_25414,100.0
BATCH_25416,0.0
BATCH_25417,0.0
BATCH_25418,100.0
BATCH_25419,100.0
BATCH_25420,100.0
BATCH_25421,50.0
BATCH_25422,50.0
BATCH_25425,33.33333333333333
BATCH_25430,0.0
BATCH_25431,0.0
BATCH_25432,50.0
BATCH_25434,100.0
BATCH_25436,100.0
BATCH_25437,0.0
BATCH_25438,50.0
BATCH_25439,0.0
BATCH_25440,50.0
BATCH_25441,50.0
BATCH_25443,60.0
BATCH_25445,0.0
BATCH_25446,0.0
BATCH_25448,0.0
BATCH_25449,0.0
BATCH_25450,20.0
BATCH_25451,50.0
BATCH_25452,33.33333333333333
BATCH_25453,100.0
BATCH_25455,100.0
BATCH_25456,0.0
BATCH_25458,0.0
BATCH_25460,0.0
BATCH_25462,100.0
BATCH_25464,100.0
BATCH_25467,0.0
BATCH_25468,0.0
BATCH_25470,0.0
BATCH_25471,50.0
BATCH_25473,100.0
BATCH_25474,100.0
BATCH_25475,33.33333333333333
BATCH_25476,100.0
BATCH_25477,0.0
BATCH_25480,0.0
BATCH_25483,0.0
BATCH_25484,50.0
BATCH_25487,100.0
BATCH_25488,100.0
BATCH_25490,100.0
BATCH_25491,0.0
BATCH_25493,33.33333333333333
BATCH_25494,0.0
BATCH_25496,50.0
BATCH_25497,0.0
BATCH_25499,0.0
BATCH_25500,50.0
BATCH_25501,100.0
BATCH_25503,100.0
BATCH_25504,0.0
BATCH_25505,50.0
BATCH_25507,0.0
BATCH_25509,100.0
BATCH_25510,0.0
BATCH_25512,0.0
BATCH_25513,100.0
BATCH_25514,0.0
BATCH_25515,100.0
BATCH_25516,100.0
BATCH_25517,100.0
BATCH_25518,0.0
BATCH_25519,0.0
BATCH_25520,0.0
BATCH_25522,66.66666666666666
BATCH_25525,0.0
BATCH_25527,0.0
BATCH_25528,0.0
BATCH_25529,0.0
BATCH_25530,0.0
BATCH_25533,50.0
BATCH_25534,100.0
BATCH_25535,0.0
BATCH_25536,50.0
BATCH_25537,100.0
BATCH_25539,100.0
BATCH_25542,0.0
BATCH_25543,50.0
BATCH_25545,0.0
BATCH_25546,50.0
BATCH_25548,100.0
BATCH_25549,0.0
BATCH_25552,100.0
BATCH_25554,100.0
BATCH_25556,0.0
BATCH_25559,0.0
BATCH_25560,100.0
BATCH_25561,0.0
BATCH_25562,33.33333333333333
BATCH_25563,100.0
BATCH_25564,33.33333333333333
BATCH_25565,50.0
BATCH_25566,0.0
BATCH_25568,0.0
BATCH_25569,0.0
BATCH_25570,0.0
BATCH_25571,33.33333333333333
BATCH_25572,0.0
BATCH_25573,0.0
BATCH_25576,33.33333333333333
BATCH_25578,50.0
BATCH_25579,0.0
BATCH_25580,50.0
BATCH_25584,66.66666666666666
BATCH_25586,50.0
BATCH_25587,0.0
BATCH_25588,0.0
BATCH_25589,100.0
BATCH_25590,50.0
BATCH_25591,100.0
BATCH_25592,66.66666666666666
BATCH_25594,0.0
BATCH_25595,100.0
BATCH_25596,50.0
BATCH_25599,100.0
BATCH_25601,66.66666666666666
BATCH_25602,0.0
BATCH_25603,0.0
BATCH_25604,0.0
BATCH_25605,100.0
BATCH_25607,0.0
BATCH_25609,100.0
BATCH_25610,100.0
BATCH_25611,100.0
BATCH_25615,0.0
BATCH_25616,0.0
BATCH_25617,0.0
BATCH_25619,0.0
BATCH_25620,66.66666666666666
BATCH_25622,100.0
BATCH_25626,50.0
BATCH_25628,50.0
BATCH_25629,0.0
BATCH_25630,0.0
BATCH_25631,50.0
BATCH_25633,0.0
BATCH_25635,0.0
BATCH_25637,100.0
BATCH_25638,50.0
BATCH_25640,0.0
BATCH_25642,0.0
BATCH_25643,0.0
BATCH_25645,50.0
BATCH_25646,66.66666666666666
BATCH_25647,0.0
BATCH_25650,0.0
BATCH_25651,100.0
BATCH_25652,50.0
BATCH_25653,100.0
BATCH_25654,50.0
BATCH_25655,0.0
BATCH_25656,50.0
BATCH_25657,0.0
BATCH_25658,100.0
BATCH_25659,33.33333333333333
BATCH_25660,100.0
BATCH_25661,0.0
BATCH_25662,100.0
BATCH_25663,50.0
BATCH_25664,66.66666666666666
BATCH_25665,100.0
BATCH_25668,0.0
BATCH_25669,0.0
BATCH_25672,100.0
BATCH_25674,0.0
BATCH_25680,50.0
BATCH_25681,100.0
BATCH_25682,100.0
BATCH_25683,100.0
BATCH_25684,100.0
BATCH_25686,0.0
BATCH_25687,0.0
BATCH_25688,0.0
BATCH_25689,0.0
BATCH_25690,0.0
BATCH_25691,0.0
BATCH_25692,50.0
BATCH_25693,0.0
BATCH_25695,100.0
BATCH_25696,100.0
BATCH_25697,50.0
BATCH_25698,0.0
BATCH_25699,0.0
BATCH_25702,0.0
BATCH_25703,66.66666666666666
BATCH_25704,100.0
BATCH_25705,50.0
BATCH_25707,100.0
BATCH_25709,100.0
BATCH_25715,100.0
BATCH_25716,0.0
BATCH_25719,33.33333333333333
BATCH_25720,0.0
BATCH_25721,100.0
BATCH_25723,0.0
BATCH_25725,0.0
BATCH_25728,33.33333333333333
BATCH_25730,100.0
BATCH_25731,0.0
BATCH_25732,50.0
BATCH_25733,0.0
BATCH_25734,100.0
BATCH_25735,100.0
BATCH_25736,100.0
BATCH_25739,0.0
BATCH_25740,25.0
BATCH_25743,0.0
BATCH_25744,100.0
BATCH_25746,100.0
BATCH_25747,100.0
BATCH_25748,0.0
BATCH_25749,25.0
BATCH_25750,66.66666666666666
BATCH_25751,33.33333333333333
BATCH_25752,100.0
BATCH_25753,100.0
BATCH_25754,50.0
BATCH_25755,0.0
BATCH_25756,0.0
BATCH_25758,0.0
BATCH_25759,100.0
BATCH_25760,0.0
BATCH_25763,0.0
BATCH_25764,0.0
BATCH_25766,100.0
BATCH_25768,0.0
BATCH_25769,0.0
BATCH_25771,100.0
BATCH_25776,100.0
BATCH_25777,0.0
BATCH_25780,50.0
BATCH_25782,100.0
BATCH_25784,0.0
BATCH_25785,50.0
BATCH_25786,50.0
BATCH_25787,0.0
BATCH_25788,0.0
BATCH_25789,0.0
BATCH_25790,0.0
BATCH_25792,100.0
BATCH_25793,0.0
BATCH_25794,0.0
BATCH_25795,33.33333333333333
BATCH_25796,66.66666666666666
BATCH_25797,0.0
BATCH_25798,0.0
BATCH_25800,0.0
BATCH_25801,0.0
BATCH_25802,0.0
BATCH_25803,0.0
BATCH_25804,66.66666666666666
BATCH_25807,50.0
BATCH_25808,0.0
BATCH_25810,100.0
BATCH_25811,0.0
BATCH_25813,0.0
BATCH_25815,0.0
BATCH_25816,0.0
BATCH_25817,100.0
BATCH_25818,0.0
BATCH_25820,0.0
BATCH_25821,0.0
BATCH_25823,100.0
BATCH_25824,100.0
BATCH_25826,0.0
BATCH_25828,0.0
BATCH_25829,0.0
BATCH_25831,100.0
BATCH_25833,0.0
BATCH_25834,0.0
BATCH_25835,50.0
BATCH_25836,0.0
BATCH_25837,100.0
BATCH_25839,50.0
BATCH_25842,100.0
BATCH_25843,0.0
BATCH_25844,0.0
BATCH_25846,100.0
BATCH_25848,25.0
BATCH_25850,0.0
BATCH_25852,100.0
BATCH_25853,100.0
BATCH_25854,0.0
BATCH_25856,0.0
BATCH_25858,33.33333333333333
BATCH_25859,100.0
BATCH_25860,0.0
BATCH_25861,0.0
BATCH_25862,0.0
BATCH_25864,0.0
BATCH_25865,0.0
BATCH_25867,100.0
BATCH_25873,50.0
BATCH_25875,33.33333333333333
BATCH_25877,50.0
BATCH_25878,0.0
BATCH_25879,100.0
BATCH_25880,0.0
BATCH_25885,0.0
BATCH_25887,50.0
BATCH_25890,33.33333333333333
BATCH_25891,0.0
BATCH_25892,50.0
BATCH_25893,0.0
BATCH_25894,100.0
BATCH_25895,50.0
BATCH_25898,0.0
BATCH_25899,50.0
BATCH_25900,0.0
BATCH_25902,66.66666666666666
BATCH_25903,100.0
BATCH_25904,0.0
BATCH_25906,0.0
BATCH_25907,100.0
BATCH_25908,66.66666666666666
BATCH_25909,0.0
BATCH_25910,0.0
BATCH_25911,0.0
BATCH_25913,100.0
BATCH_25916,100.0
BATCH_25917,50.0
BATCH_25918,100.0
BATCH_25921,0.0
BATCH_25922,0.0
BATCH_25923,100.0
BATCH_25924,0.0
BATCH_25925,100.0
BATCH_25926,100.0
BATCH_25927,50.0
BATCH_25928,0.0
BATCH_25931,100.0
BATCH_25933,33.33333333333333
BATCH_25935,100.0
BATCH_25937,33.33333333333333
BATCH_25938,0.0
BATCH_25939,0.0
BATCH_25940,0.0
BATCH_25942,0.0
BATCH_25943,33.33333333333333
BATCH_25944,100.0
BATCH_25945,0.0
BATCH_25949,0.0
BATCH_25950,0.0
BATCH_25951,100.0
BATCH_25952,100.0
BATCH_25953,50.0
BATCH_25954,0.0
BATCH_25955,0.0
BATCH_25956,100.0
BATCH_25957,0.0
BATCH_25960,100.0
BATCH_25961,0.0
BATCH_25962,100.0
BATCH_25963,50.0
BATCH_25964,33.33333333333333
BATCH_25969,0.0
BATCH_25970,100.0
BATCH_25973,0.0
BATCH_25974,50.0
BATCH_25977,0.0
BATCH_25979,50.0
BATCH_25983,100.0
BATCH_25984,0.0
BATCH_25985,50.0
BATCH_25986,0.0
BATCH_25987,50.0
BATCH_25988,0.0
BATCH_25989,33.33333333333333
BATCH_25990,0.0
BATCH_25992,0.0
BATCH_25993,0.0
BATCH_25994,0.0
BATCH_25995,0.0
BATCH_25996,0.0
BATCH_25997,0.0
BATCH_25998,0.0
BATCH_25999,0.0
BATCH_26000,100.0
