total_prod,avg_defect,high_defect_count,avg_delay,late_pct,early_pct,total_waste,route_spike_pct,total_return,return_spike_pct,prod_defect_anomaly,delay_anomaly,late_route_anomaly,return_anomaly,waste_anomaly,avg_defect_z,avg_defect_extreme,avg_delay_z,avg_delay_extreme,total_return_z,total_return_extreme,total_waste_z,total_waste_extreme,if_score,if_anomaly
,,,8.35897435897436,0.0,0.0,,,,,False,False,False,False,False,,False,-1.4158210715545916,False,,False,,False,0.16806513268542977,True
25888.0,0.054321398273585654,3.0,,,,,,,,False,False,False,False,False,-1.2334224039271662,False,,False,,False,,False,0.12316955653406958,True
93064.0,0.07045927161008021,22.0,9.736842105263158,0.0,0.0,12298.0,0.0,6453.0,0.0963855421686747,False,False,False,False,False,1.4342726068110865,False,-0.8081024324804921,False,3.3818078277937955,True,3.0474575747317094,True,0.07564834099408424,True
56283.0,0.05673685792298706,5.0,12.189655172413794,0.0,0.0,3930.0,0.0,2161.0,0.02564102564102564,False,False,False,False,False,-0.8341312754749584,False,0.27372869615057294,False,-2.8873947173510808,True,-3.7338846595654496,True,0.058607655579601015,True
90559.0,0.07636289780356609,21.0,17.405405405405407,0.0,0.0,9311.0,0.0,5126.0,0.08450704225352113,False,False,False,False,False,2.410180262871976,True,2.5741734535530854,True,1.4434966028620035,False,0.6268231036698529,False,0.005458748203957864,True
56961.0,0.08260146293927685,17.0,15.621621621621621,0.0,0.0,7360.0,0.0,3498.0,0.037037037037037035,False,False,False,False,False,3.4414554959638908,True,1.7874225796732652,False,-0.9344767763308806,False,-0.9542474865684067,False,-0.017286035979199865,False
92889.0,0.06450964553318735,18.0,8.933333333333334,0.0,0.0,9991.0,0.0,6233.0,0.12658227848101267,False,False,False,True,False,0.45076087201561765,False,-1.1624958484498542,False,3.060460073848811,True,1.1778881991911327,False,-0.017891238908194884,False
97692.0,0.05403655589644388,10.0,13.536585365853659,0.0,0.0,11646.0,0.0,5549.0,0.04054054054054054,False,False,False,False,False,-1.2805086942024497,False,0.8678021014464113,False,2.061360693401678,True,2.519083394908365,True,-0.02646410237851482,False
80393.0,0.07185772435444077,20.0,6.5813953488372094,0.0,0.0,10155.0,0.0,3911.0,0.014705882352941176,False,False,False,False,False,1.6654459052436192,False,-2.199835284672555,True,-0.33121940187961446,False,1.3107921339933237,False,-0.03554947953471821,False
92889.0,0.07347639888773749,20.0,12.419354838709678,0.0,0.0,11509.0,0.0,4901.0,0.039473684210526314,False,False,False,False,False,1.9330232920805595,False,0.3750394126348612,False,1.1148454908728151,False,2.408059985957754,True,-0.04530947857743761,False
67005.0,0.058479676487715675,7.0,6.520833333333333,0.0,0.0,10622.0,0.0,3527.0,0.04,False,False,False,False,False,-0.5460320759828874,False,-2.2265466042028446,True,-0.8921172996744962,False,1.689244192241026,False,-0.05830389234378275,False
64832.0,0.0722233463277166,14.0,9.155555555555555,0.0,0.0,6806.0,0.0,2687.0,0.0,False,False,False,False,False,1.7258855860854865,False,-1.0644831133200454,False,-2.1190814511008,True,-1.4032034614489788,False,-0.05876497063354613,False
50639.0,0.07717402340998283,13.0,12.10909090909091,0.0,0.0,6398.0,0.0,3325.0,0.0625,False,False,False,False,False,2.5442645804398087,True,0.2381952390415997,False,-1.1871729646603455,False,-1.7338425187617466,False,-0.058862140501122484,False
87959.0,0.06252660609185022,14.0,16.11764705882353,0.0,0.0,9524.0,0.0,6005.0,0.05263157894736842,False,False,False,False,False,0.1229516053640467,False,2.006198223746798,True,2.7274269470331003,True,0.7994361409434303,False,-0.059287540038080455,False
115560.0,0.05324734446685768,12.0,10.45945945945946,0.0,0.0,9160.0,0.0,3289.0,0.0,False,False,False,False,False,-1.4109704563705516,False,-0.4893867674637868,False,-1.2397571425786156,False,0.5044542368702747,False,-0.06131540275713809,False
73148.0,0.048222346958042235,5.0,11.88135593220339,0.0,0.0,6632.0,0.0,2995.0,0.018867924528301886,False,False,False,False,False,-2.2416350987137514,True,0.13775106317898603,False,-1.669194595577822,False,-1.544211294714718,False,-0.06360655128322135,False
50792.0,0.07288266310111245,12.0,13.793103448275861,0.0,0.0,6688.0,0.0,2718.0,0.023809523809523808,False,False,False,False,False,1.8348749200708168,False,0.9809412763544536,False,-2.073800631226734,True,-1.4988294633188477,False,-0.06375211130909464,False
88492.0,0.06200580490960132,10.0,15.11320754716981,0.0,0.0,11924.0,0.0,4764.0,0.09210526315789473,False,False,False,False,False,0.03685979596001045,False,1.5631828366034597,False,0.9147334804616203,False,2.7443717721950054,True,-0.06394284704048425,False
103037.0,0.055708980630880374,12.0,9.482758620689655,0.0,0.0,11189.0,0.0,5237.0,0.05555555555555555,False,False,False,False,False,-1.0040460508997473,False,-0.9201678102151195,False,1.6056311514433366,False,2.1487352351242106,True,-0.06903231625684725,False
71891.0,0.05363705999282587,7.0,16.424242424242426,0.0,0.0,7801.0,0.0,3902.0,0.1346153846153846,False,False,False,True,False,-1.346547955180044,False,2.14142435028953,True,-0.344365446359182,False,-0.5968655643259297,False,-0.06914752569667659,False
51545.0,0.06855711423583889,10.0,11.325581395348838,0.0,0.0,6376.0,0.0,2937.0,0.09302325581395349,False,False,False,False,False,1.1198336698399285,False,-0.10737735794779268,False,-1.7539135488905906,False,-1.7516710953815526,False,-0.07303457151168113,False
82504.0,0.06863552149261036,14.0,6.310344827586207,0.0,0.0,9658.0,0.0,5109.0,0.0821917808219178,False,False,False,False,False,1.1327948973408226,False,-2.319384097930325,True,1.4186651855117094,False,0.9080283803549766,False,-0.07428841107429995,False
90980.0,0.06886122033716507,19.0,10.823529411764707,0.0,0.0,10295.0,0.0,5752.0,0.08,False,False,False,False,False,1.1701043785217415,False,-0.328811054345713,False,2.3578770299963683,True,1.424246712482999,False,-0.07633976061842718,False
72900.0,0.07683643101828368,17.0,14.893617021276595,0.0,0.0,8519.0,0.0,3608.0,0.031746031746031744,False,False,False,False,False,2.488458371020479,True,1.4663308303722173,False,-0.7738028993583883,False,-0.015005654643166848,False,-0.08503252279612605,False
61556.0,0.07223620283025285,12.0,15.32,0.0,0.0,6883.0,0.0,3022.0,0.08163265306122448,False,False,False,False,False,1.7280108492447868,False,1.6543901591808599,False,-1.6297564621391194,False,-1.3408034432796574,False,-0.08540888296701182,False
79786.0,0.07424949437531495,21.0,11.366666666666667,0.0,0.0,8874.0,0.0,5301.0,0.05333333333333334,False,False,False,False,False,2.0608209846284806,True,-0.0892563987784443,False,1.6991141344091503,False,0.2726827408127953,False,-0.08542510604116704,False
101440.0,0.05928458834787265,13.0,13.047619047619047,0.0,0.0,10438.0,0.0,5565.0,0.03571428571428571,False,False,False,False,False,-0.4129749309271658,False,0.6521399333820401,False,2.0847314391431313,True,1.5401324605117386,False,-0.09407231576952474,False
74720.0,0.06446138403783888,10.0,17.325,0.0,0.0,7604.0,0.0,3176.0,0.057692307692307696,False,False,False,False,False,0.4427829341753996,False,2.538710061889562,True,-1.4048130343776304,False,-0.75651236405783,False,-0.09459575032082634,False
80248.0,0.06060226893850551,13.0,9.471698113207546,0.0,0.0,8253.0,0.0,5336.0,0.14285714285714285,False,False,False,True,False,-0.1951537927832308,False,-0.9250461278712228,False,1.7502376407185796,False,-0.23056935377354978,False,-0.09806075592000774,False
60956.0,0.07686752661668525,16.0,11.4,0.0,0.0,7116.0,0.0,3674.0,0.038461538461538464,False,False,False,False,False,2.493598674887173,True,-0.07455448850897298,False,-0.677398573174893,False,-1.1519826090789835,False,-0.09915206690622275,False
66526.0,0.06174324390874399,6.0,7.54,0.0,0.0,7913.0,0.0,4781.0,0.06666666666666667,False,False,False,False,False,-0.006543238466933874,False,-1.7770356977137576,False,0.9395648978119145,False,-0.5061019015341897,False,-0.0999896175794831,False
88952.0,0.06791049259969384,15.0,7.472222222222222,0.0,0.0,10060.0,0.0,4004.0,0.013157894736842105,False,False,False,False,False,1.0129429242868182,False,-1.8069295819283493,False,-0.19537694225741653,False,1.2338050985896154,False,-0.10059913844745422,False
75982.0,0.04747069977156975,5.0,11.974358974358974,0.0,0.0,8230.0,0.0,4132.0,0.08928571428571429,False,False,False,False,False,-2.3658872481375273,True,0.1787707345957643,False,-0.008410976325789282,False,-0.2492083202397107,False,-0.10177395993888327,False
98857.0,0.06837124106544701,21.0,9.612903225806452,0.0,0.0,8583.0,0.0,3591.0,0.034482758620689655,False,False,False,False,False,1.0891076306062955,False,-0.8627665810206314,False,-0.7986343167086826,False,0.03685929552354183,False,-0.10337500298472924,False
84493.0,0.06650508208723094,22.0,8.827586206896552,0.0,0.0,9656.0,0.0,5167.0,0.0821917808219178,False,False,False,False,False,0.7806194617114965,False,-1.2091363913736946,False,1.503384138824478,False,0.9064076006622669,False,-0.10451744629929505,False
70686.0,0.06783972092840126,12.0,7.035714285714286,0.0,0.0,9245.0,0.0,3478.0,0.0,False,False,False,False,False,1.0012439085322542,False,-1.999454597361903,False,-0.9636902085076973,False,0.5733373738104347,False,-0.10502552127811132,False
84180.0,0.06323159257172918,16.0,14.283018867924529,0.0,0.0,11334.0,0.0,4771.0,0.05714285714285714,False,False,False,False,False,0.2394904376994074,False,1.1970220525336073,False,0.9249581817235061,False,2.26624176284566,True,-0.10747916277203717,False
69147.0,0.07400871974693646,14.0,8.615384615384615,0.0,0.0,7685.0,0.0,3579.0,0.05,False,False,False,False,False,2.0210193787139574,True,-1.30272945409712,False,-0.8161623760147726,False,-0.6908707865030893,False,-0.1092227361245715,False
87587.0,0.05295075958957537,5.0,10.830188679245284,0.0,0.0,9507.0,0.0,4801.0,0.1076923076923077,False,False,False,True,False,-1.4599978579921276,False,-0.3258739357569173,False,0.9687783299887313,False,0.7856595135553983,False,-0.11279935587269802,False
93551.0,0.05381917729552786,10.0,11.36111111111111,0.0,0.0,10961.0,0.0,5116.0,0.041666666666666664,False,False,False,False,False,-1.3164427852077074,False,-0.0917067171566899,False,1.4288898867735953,False,1.963966350155311,False,-0.11601768163378867,False
87992.0,0.06474265493269687,15.0,11.23913043478261,0.0,0.0,11042.0,0.0,5292.0,0.03614457831325301,False,False,False,False,False,0.4892788352915464,False,-0.14550718589642164,False,1.6859680899295826,False,2.029607927710052,True,-0.1180348991901744,False
93441.0,0.06560619553641277,15.0,15.2,0.0,0.0,10268.0,0.0,4856.0,0.027777777777777776,False,False,False,False,False,0.6320276914802506,False,1.6014632822107624,False,1.0491152684749774,False,1.4023661866314185,False,-0.11923756083633619,False
71343.0,0.06620288561475816,14.0,13.418604651162791,0.0,0.0,8453.0,0.0,4080.0,0.15,False,False,False,True,False,0.7306644270505644,False,0.8157658450190142,False,-0.08436589998551285,False,-0.06849138450258517,False,-0.12263247363534052,False
59075.0,0.06445654344421559,10.0,13.8,0.0,0.0,6431.0,0.0,3445.0,0.08333333333333333,False,False,False,False,False,0.44198275268998205,False,0.9839830508929657,False,-1.011892371599445,False,-1.7070996538320373,False,-0.123522945029234,False
87606.0,0.06523704975242701,20.0,11.56,0.0,0.0,10528.0,0.0,4971.0,0.057971014492753624,False,False,False,False,False,0.5710055018992434,False,-0.003985319215510354,False,1.2170925034916737,False,1.6130675466836726,False,-0.12368429418278803,False
65261.0,0.06409900698967169,10.0,16.5531914893617,0.0,0.0,6791.0,0.0,3958.0,0.03389830508474576,False,False,False,False,False,0.3828796604760378,False,2.1982982778310043,True,-0.2625678362640951,False,-1.415359309144301,False,-0.1240377028117381,False
72910.0,0.05834762315701045,8.0,12.464285714285714,0.0,0.0,6936.0,0.0,4034.0,0.12962962962962962,False,False,False,True,False,-0.5678613470478086,False,0.3948565036662909,False,-0.1515567939921914,False,-1.2978527814228518,False,-0.1247254689428623,False
78800.0,0.06523314709033008,13.0,15.436363636363636,0.0,0.0,10284.0,0.0,4855.0,0.015151515151515152,False,False,False,False,False,0.5703603665714649,False,1.7057131913942867,False,1.0476545968661366,False,1.4153324241730958,False,-0.12488017359929166,False
66945.0,0.06069549210733661,9.0,14.1,0.0,0.0,6966.0,0.0,4762.0,0.09836065573770492,False,False,False,False,False,-0.17974339903490863,False,1.1163002433182074,False,0.9118121372439386,False,-1.273541086032207,False,-0.1260263082683893,False
88532.0,0.05530064374031045,9.0,7.678571428571429,0.0,0.0,9918.0,0.0,3719.0,0.045454545454545456,False,False,False,False,False,-1.0715467842962818,False,-1.7159177564506694,False,-0.6116683507770553,False,1.1187297404072305,False,-0.1266450654873124,False
67046.0,0.0730992873676236,12.0,12.470588235294118,0.0,0.0,6764.0,0.0,3405.0,0.0,False,False,False,False,False,1.8706843147120404,False,0.39763627661640144,False,-1.0703192359530784,False,-1.4372398349958813,False,-0.12806612510147491,False
58167.0,0.06905069414128966,9.0,9.722222222222221,0.0,0.0,6528.0,0.0,3245.0,0.03773584905660377,False,False,False,False,False,1.2014256258378728,False,-0.8145506387390323,False,-1.3040266933676126,False,-1.6284918387356195,False,-0.12856559904534387,False
75468.0,0.050264812284340626,7.0,11.18867924528302,0.0,0.0,6665.0,0.0,3742.0,0.018867924528301886,False,False,False,False,False,-1.9040023482911577,False,-0.1677590517267537,False,-0.578072903773716,False,-1.5174684297850087,False,-0.12901955115184743,False
71828.0,0.05988458388108179,9.0,10.0,0.0,0.0,8450.0,0.0,2848.0,0.0,False,False,False,False,False,-0.31379178225369075,False,-0.6920347198267706,False,-1.8839133220774251,False,-0.07092255404164964,False,-0.1303198466552818,False
85789.0,0.05924589887334663,12.0,6.896551724137931,0.0,0.0,9085.0,0.0,4367.0,0.015873015873015872,False,False,False,False,False,-0.41937055171368876,False,-2.0608332621568635,True,0.3348468517518076,False,0.443674998393663,False,-0.13099877336621146,False
68103.0,0.07030777057215083,12.0,11.633333333333333,0.0,0.0,5936.0,0.0,3713.0,0.057692307692307696,False,False,False,False,False,1.4092285037512429,False,0.028358883377326227,False,-0.6204323804301004,False,-2.108242627777675,True,-0.13127646274140609,False
70356.0,0.05215428994726427,8.0,9.196078431372548,0.0,0.0,6925.0,0.0,3296.0,0.038461538461538464,False,False,False,False,False,-1.5916594497455387,False,-1.0466102027963744,False,-1.2295324413167297,False,-1.3067670697327547,False,-0.13223314957737997,False
69666.0,0.0507558556397828,7.0,12.622641509433961,0.0,0.0,7694.0,0.0,3584.0,0.08,False,False,False,False,False,-1.8228297004425162,False,0.4647004843939008,False,-0.8088590179705685,False,-0.6835772778858958,False,-0.1337195789867887,False
62713.0,0.0606294498740414,7.0,9.947368421052632,0.0,0.0,7172.0,0.0,3206.0,0.06666666666666667,False,False,False,False,False,-0.19066060804913665,False,-0.7152482623575147,False,-1.3609928861124052,False,-1.1066007776831135,False,-0.13600961244629656,False
85262.0,0.06240802635139151,13.0,9.097560975609756,0.0,0.0,9590.0,0.0,5255.0,0.10810810810810811,False,False,False,True,False,0.1033496060546973,False,-1.09006204663441,False,1.6319232404024717,False,0.8529218708028486,False,-0.13652247448952737,False
82669.0,0.06848979427176971,13.0,13.627118644067796,0.0,0.0,10615.0,0.0,4847.0,0.0547945205479452,False,False,False,False,False,1.1087052436510634,False,0.9077324654275711,False,1.03596922399541,False,1.6835714633165422,False,-0.1365506400887989,False
59064.0,0.06313028634422234,7.0,9.94,0.0,0.0,6495.0,0.0,3417.0,0.020833333333333332,False,False,False,False,False,0.22274386198638838,False,-0.7184981583118193,False,-1.0527911766469884,False,-1.6552347036653285,False,-0.13685496560696148,False
63816.0,0.06586906059026879,14.0,7.980769230769231,0.0,0.0,7913.0,0.0,3620.0,0.017857142857142856,False,False,False,False,False,0.6754809878376666,False,-1.582631207304363,False,-0.7562748400522983,False,-0.5061019015341897,False,-0.13714177294487523,False
102781.0,0.05250328424004674,8.0,10.53191489361702,0.0,0.0,9511.0,0.0,4342.0,0.046153846153846156,False,False,False,False,False,-1.533968432210625,False,-0.45742976871818514,False,0.29833006153078667,False,0.7889010729408176,False,-0.13738830922578626,False
88022.0,0.06073252860753365,10.0,10.026315789473685,0.0,0.0,10590.0,0.0,5161.0,0.0410958904109589,False,False,False,False,False,-0.17362102561365872,False,-0.6804279485613981,False,1.4946201091714328,False,1.6633117171576717,False,-0.13779605291521857,False
96102.0,0.06332277266585079,17.0,11.68421052631579,0.0,0.0,9976.0,0.0,5148.0,0.05405405405405406,False,False,False,False,False,0.25456309796231774,False,0.05079864115704585,False,1.475631378256502,False,1.1657323514958102,False,-0.13780294322130188,False
83352.0,0.07059796647721964,16.0,10.074074074074074,0.0,0.0,10256.0,0.0,4340.0,0.04411764705882353,False,False,False,False,False,1.4571997668753642,False,-0.659363808116834,False,0.295408718313105,False,1.3926415084751607,False,-0.13870717611400157,False
59265.0,0.06194031362579445,7.0,11.847457627118644,0.0,0.0,7403.0,0.0,3073.0,0.0,False,False,False,False,False,0.026033662465496793,False,0.12279996798969314,False,-1.5552622100882365,False,-0.9194007231751493,False,-0.13871020441208498,False
85305.0,0.07121886699012521,18.0,12.891304347826088,0.0,0.0,9408.0,0.0,4546.0,0.02666666666666667,False,False,False,False,False,1.5598386441242802,False,0.5831961926773767,False,0.5963070697343176,False,0.7054309187662708,False,-0.13933801248455613,False
95044.0,0.05357354259109269,9.0,10.827586206896552,0.0,0.0,8908.0,0.0,5118.0,0.0273972602739726,False,False,False,False,False,-1.357047793180103,False,-0.32702177520541253,False,1.4318112299912769,False,0.30023599558885933,False,-0.13959377554936758,False
90629.0,0.05256887806227724,9.0,9.814814814814815,0.0,0.0,9259.0,0.0,4969.0,0.028169014084507043,False,False,False,False,False,-1.523125348450397,False,-0.7737119991016115,False,1.214171160273992,False,0.5846828316594022,False,-0.14013910026262977,False
86386.0,0.06103202269582466,12.0,7.163265306122449,0.0,0.0,9037.0,0.0,4648.0,0.03076923076923077,False,False,False,False,False,-0.12411271256520102,False,-1.943197287657293,False,0.745295573836083,False,0.4047762857686315,False,-0.14102058404163131,False
78225.0,0.05173119215537721,4.0,9.833333333333334,0.0,0.0,7618.0,0.0,3756.0,0.03636363636363636,False,False,False,False,False,-1.661600255757382,False,-0.7655442711741272,False,-0.5576235012499443,False,-0.7451669062088624,False,-0.14112930000730706,False
66423.0,0.06308675861656436,12.0,10.962962962962964,0.0,0.0,8072.0,0.0,2815.0,0.0,False,False,False,False,False,0.2155484466128295,False,-0.2673128675975974,False,-1.9321154851691729,False,-0.3772499159637727,False,-0.14148212111611913,False
79698.0,0.05315024784514506,4.0,11.414634146341463,0.0,0.0,9475.0,0.0,4322.0,0.015384615384615385,False,False,False,False,False,-1.427021156974114,False,-0.06809999131749814,False,0.2691166293539699,False,0.7597270384720439,False,-0.14205827887158978,False
92350.0,0.05524145092350004,11.0,7.739130434782608,0.0,0.0,9403.0,0.0,4441.0,0.05970149253731343,False,False,False,False,False,-1.0813317403920506,False,-1.6892077641909156,False,0.4429365508060296,False,0.7013789695344967,False,-0.14215859167520067,False
93306.0,0.05414287277686907,11.0,8.914285714285715,0.0,0.0,9938.0,0.0,4594.0,0.041666666666666664,False,False,False,False,False,-1.262933825100822,False,-1.1708969400324092,False,0.6664193069586778,False,1.1349375373343271,False,-0.1429803600466339,False
75396.0,0.06032149689551294,9.0,7.509803921568627,0.0,0.0,7048.0,0.0,3642.0,0.03508771929824561,False,False,False,False,False,-0.24156723045424267,False,-1.7903538987813963,False,-0.7241400646577999,False,-1.2070891186311115,False,-0.1438978138059136,False
85465.0,0.06494376840704116,12.0,11.310344827586206,0.0,0.0,10435.0,0.0,4858.0,0.1111111111111111,False,False,False,True,False,0.5225241955018797,False,-0.11409755750962047,False,1.052036611692659,False,1.5377012909726742,False,-0.1441968537325865,False
94523.0,0.06770570863165112,18.0,9.946428571428571,0.0,0.0,9579.0,0.0,4709.0,0.04225352112676056,False,False,False,False,False,0.9790908076890681,False,-0.7156627899027068,False,0.8343965419753742,False,0.8440075824929456,False,-0.14436999551652746,False
63397.0,0.0687929195478651,10.0,9.310344827586206,0.0,0.0,6565.0,0.0,3679.0,0.019230769230769232,False,False,False,False,False,1.1588138155680099,False,-0.9962121736779025,False,-0.6700952151306888,False,-1.598507414420491,False,-0.14517601524121526,False
77452.0,0.06105688966691163,11.0,16.92,0.0,0.0,7782.0,0.0,3789.0,0.05357142857142857,False,False,False,False,False,-0.12000204114538802,False,2.3600818521154863,True,-0.5094213381581967,False,-0.6122629714066714,False,-0.14529750441892353,False
59731.0,0.06820334379891915,16.0,11.125,0.0,0.0,8555.0,0.0,3246.0,0.018867924528301886,False,False,False,False,False,1.0613531247371695,False,-0.1958452482321119,False,-1.3025660217587716,False,0.01416837982560678,False,-0.14721142220714656,False
65026.0,0.06544334535873673,12.0,12.46875,0.0,0.0,6472.0,0.0,3053.0,0.03773584905660377,False,False,False,False,False,0.6051075020955843,False,0.3968255095059526,False,-1.5844756422650534,False,-1.6738736701314896,False,-0.1484726226352167,False
87867.0,0.057486834659305056,10.0,12.9,0.0,0.0,10138.0,0.0,3894.0,0.0,False,False,False,False,False,-0.7101552622836281,False,0.5870314736172385,False,-0.3560508192299087,False,1.2970155066052915,False,-0.14854906565913484,False
83543.0,0.06143528035447436,9.0,7.568181818181818,0.0,0.0,8610.0,0.0,3432.0,0.03225806451612903,False,False,False,False,False,-0.057451609110569846,False,-1.764605900849568,False,-1.0308811025143758,False,0.05873982137512205,False,-0.14990851191826277,False
90535.0,0.06022806915347778,13.0,15.023255813953488,0.0,0.0,10066.0,0.0,4532.0,0.04411764705882353,False,False,False,False,False,-0.25701144147851035,False,1.5235089672935658,False,0.5758576672105459,False,1.2386674376677445,False,-0.1501709716859395,False
62262.0,0.06199841171054076,7.0,9.01923076923077,0.0,0.0,7400.0,0.0,3372.0,0.03571428571428571,False,False,False,False,False,0.03563765225891621,False,-1.124610156601601,False,-1.1185213990448262,False,-0.9218318927142138,False,-0.1501839734620759,False
70051.0,0.053577504474305086,5.0,9.378378378378379,0.0,0.0,7356.0,0.0,3855.0,0.03508771929824561,False,False,False,False,False,-1.3563928682182784,False,-0.9662054789061012,False,-0.41301701197470136,False,-0.957489045953826,False,-0.1505200483460627,False
62979.0,0.06918226502642073,12.0,11.962962962962964,0.0,0.0,6585.0,0.0,4172.0,0.07692307692307693,False,False,False,False,False,1.223175145523893,False,0.1737444404865436,False,0.050015888027844235,False,-1.5822996174933945,False,-0.15248920751886974,False
70183.0,0.05655750733469205,9.0,8.574074074074074,0.0,0.0,8118.0,0.0,3273.0,0.03636363636363636,False,False,False,False,False,-0.863779089631833,False,-1.3209497702430455,False,-1.263127888320069,False,-0.3399719830314509,False,-0.15373165127272148,False
73815.0,0.0655892510462047,13.0,13.621621621621621,0.0,0.0,8202.0,0.0,4414.0,0.13559322033898305,False,False,False,True,False,0.6292266574750228,False,0.9053079635049831,False,0.403498417367327,False,-0.27189923593764576,False,-0.15400583776607435,False
78057.0,0.055491489346009684,6.0,8.782608695652174,0.0,0.0,9320.0,0.0,4072.0,0.078125,False,False,False,False,False,-1.0399987692927286,False,-1.228974051407464,False,-0.09605127285623956,False,0.6341166122870464,False,-0.15406134403919575,False
76675.0,0.06604173856860464,14.0,12.7,0.0,0.0,6548.0,0.0,4222.0,0.07142857142857142,False,False,False,False,False,0.7040257763402008,False,0.4988200120004099,False,0.12304946846988613,False,-1.6122840418085231,False,-0.15420605236025137,False
90686.0,0.0583621524252164,12.0,12.81132075471698,0.0,0.0,9227.0,0.0,5284.0,0.07246376811594203,False,False,False,False,False,-0.5654595648863984,False,0.5479188444097767,False,1.674282717058856,False,0.5587503565760479,False,-0.15437378327501744,False
66036.0,0.06343296749036595,10.0,13.894736842105264,0.0,0.0,6929.0,0.0,3735.0,0.10714285714285714,False,False,False,True,False,0.2727790163450382,False,1.0257674274483053,False,-0.5882976050356019,False,-1.3035255103473355,False,-0.1546741446834613,False
82684.0,0.0537732273161159,5.0,10.101694915254237,0.0,0.0,8474.0,0.0,3977.0,0.0,False,False,False,False,False,-1.324038614488609,False,-0.647181434258892,False,-0.23481507569611915,False,-0.051473197729133884,False,-0.15511055824285863,False
81327.0,0.07201455413905933,16.0,12.94,0.0,0.0,7821.0,0.0,4110.0,0.030303030303030304,False,False,False,False,False,1.691370884653141,False,0.6046737659406038,False,-0.040545751720287716,False,-0.5806577673988333,False,-0.1556366762289037,False
79791.0,0.057881716023268026,10.0,8.372881355932204,0.0,0.0,7478.0,0.0,4533.0,0.046153846153846156,False,False,False,False,False,-0.6448788146060214,False,-1.4096872889128302,False,0.5773183388193868,False,-0.8586214846985376,False,-0.1587475977950914,False
89532.0,0.056373310795983164,10.0,10.89655172413793,0.0,0.0,9523.0,0.0,5213.0,0.08450704225352113,False,False,False,False,False,-0.8942279707863118,False,-0.2966040298202995,False,1.5705750328311565,False,0.7986257510970755,False,-0.15885037710470828,False
93941.0,0.05888376410149983,11.0,10.390243902439025,0.0,0.0,10093.0,0.0,3999.0,0.028985507246376812,False,False,False,False,False,-0.47923377556771835,False,-0.5199147947207642,False,-0.2026803003016207,False,1.2605479635193246,False,-0.15949452788291135,False
88574.0,0.05276892131428286,9.0,13.813559322033898,0.0,0.0,8169.0,0.0,4184.0,0.03389830508474576,False,False,False,False,False,-1.490056902926015,False,0.9899634889686824,False,0.06754394733393429,False,-0.29864210086735493,False,-0.15973486025228756,False
85889.0,0.062183503291176556,12.0,8.064516129032258,0.0,0.0,9315.0,0.0,4364.0,0.014492753623188406,False,False,False,False,False,0.06623448964238658,False,-1.5456940257960758,False,0.3304648369252851,False,0.6300646630552723,False,-0.16086416804296855,False
76063.0,0.055247375182085154,9.0,14.846153846153847,0.0,0.0,7626.0,0.0,4199.0,0.03389830508474576,False,False,False,False,False,-1.0803524220679874,False,1.4453968501194516,False,0.08945402146654685,False,-0.7386837874380238,False,-0.16098896438343602,False
61869.0,0.06748288952624332,13.0,11.21951219512195,0.0,0.0,7114.0,0.0,3220.0,0.0196078431372549,False,False,False,False,False,0.942257366045345,False,-0.15415995387050133,False,-1.3405434835886334,False,-1.1536033887716932,False,-0.16132616943926248,False
94492.0,0.059686929093475685,12.0,13.452830188679245,0.0,0.0,9710.0,0.0,5032.0,0.05555555555555555,False,False,False,False,False,-0.3464653991393136,False,0.8308612684637541,False,1.3061934716309649,False,0.9501686523654274,False,-0.16151068421565018,False
84160.0,0.0622099051080964,15.0,10.037735849056604,0.0,0.0,10158.0,0.0,4861.0,0.06153846153846154,False,False,False,False,False,0.07059888102177751,False,-0.6753910478235953,False,1.0564186265191815,False,1.3132233035323881,False,-0.16160544016694012,False
69124.0,0.0652848669146748,12.0,11.15,0.0,0.0,6799.0,0.0,3062.0,0.02040816326530612,False,False,False,False,False,0.5789099885993354,False,-0.18481881553000823,False,-1.5713295977854858,False,-1.4088761903734623,False,-0.16182117511641153,False
86782.0,0.05795812740666252,10.0,14.44,0.0,0.0,9187.0,0.0,3838.0,0.10344827586206896,False,False,False,True,False,-0.6322475179044833,False,1.2662597280668153,False,-0.4378484293249956,False,0.526334762721855,False,-0.16196628963936205,False
68357.0,0.06160043562000313,13.0,14.34375,0.0,0.0,7156.0,0.0,3290.0,0.0392156862745098,False,False,False,False,False,-0.03015037377047746,False,1.223807962163717,False,-1.2382964709697748,False,-1.1195670152247907,False,-0.16220121180969116,False
68539.0,0.06225683092153324,10.0,12.617021276595745,0.0,0.0,7255.0,0.0,3096.0,0.0,False,False,False,False,False,0.07835602198887046,False,0.46222163962747087,False,-1.5216667630848972,False,-1.039338420435663,False,-0.16320953819909645,False
81395.0,0.06606651003025898,17.0,13.875,0.0,0.0,9059.0,0.0,4789.0,0.0684931506849315,False,False,False,False,False,0.7081206594320487,False,1.0170623489992758,False,0.9512502706826412,False,0.4226048623884376,False,-0.16335599833608805,False
78309.0,0.06050829610082791,11.0,9.193548387096774,0.0,0.0,7325.0,0.0,4421.0,0.09836065573770492,False,False,False,False,False,-0.2106881116485628,False,-1.0477260973139813,False,0.41372311862921285,False,-0.9826111311908255,False,-0.1633897429601932,False
68411.0,0.05993555869702644,11.0,15.04,0.0,0.0,7962.0,0.0,3342.0,0.061224489795918366,False,False,False,False,False,-0.30536531494084257,False,1.5308941129173,False,-1.1623415473100511,False,-0.4663927990628033,False,-0.16348808091845796,False
76823.0,0.0519513198409378,6.0,12.625,0.0,0.0,8371.0,0.0,3633.0,0.03636363636363636,False,False,False,False,False,-1.6252117232506014,False,0.4657407138940996,False,-0.7372861091373674,False,-0.13494335190368065,False,-0.16363071357343073,False
63994.0,0.06458463411091113,12.0,15.214285714285714,0.0,0.0,7465.0,0.0,4062.0,0.07547169811320754,False,False,False,False,False,0.4631569697222284,False,1.6077641008976786,False,-0.11065798894464793,False,-0.8691565527011503,False,-0.1640297381599825,False
85842.0,0.0628525155109254,15.0,13.536585365853659,0.0,0.0,10273.0,0.0,4640.0,0.046153846153846156,False,False,False,False,False,0.17682654372121603,False,0.8678021014464113,False,0.7336102009653563,False,1.4064181358631926,False,-0.16404439140134397,False
90221.0,0.05987256323514281,11.0,14.5,0.0,0.0,9125.0,0.0,5069.0,0.05555555555555555,False,False,False,False,False,-0.315778872902416,False,1.2927231665518641,False,1.3602383211580757,False,0.4760905922478559,False,-0.1656099070268569,False
89844.0,0.058600398122237364,9.0,13.018518518518519,0.0,0.0,10015.0,0.0,4901.0,0.0547945205479452,False,False,False,False,False,-0.5260760077087989,False,0.6393049323531368,False,1.1148454908728151,False,1.1973375555036483,False,-0.1658076403315526,False
75066.0,0.06490966829223528,17.0,12.580645161290322,0.0,0.0,8244.0,0.0,4714.0,0.06557377049180328,False,False,False,False,False,0.5168872256089797,False,0.4461776881323028,False,0.8416999000195784,False,-0.23786286239074317,False,-0.16610668810116158,False
65289.0,0.05837216259204117,8.0,12.975,0.0,0.0,7194.0,0.0,3336.0,0.019230769230769232,False,False,False,False,False,-0.5638048194600157,False,0.6201107717235488,False,-1.1711055769630963,False,-1.0887722010633074,False,-0.1670158285851478,False
69295.0,0.05676663526530299,8.0,12.606060606060606,0.0,0.0,7422.0,0.0,4295.0,0.08333333333333333,False,False,False,False,False,-0.8292088878794626,False,0.4573873557864452,False,0.2296784959152673,False,-0.9040033160944078,False,-0.16767162849715156,False
79110.0,0.05873476668274409,9.0,7.551724137931035,0.0,0.0,8886.0,0.0,4046.0,0.03278688524590164,False,False,False,False,False,-0.5038640141586166,False,-1.771864680998288,False,-0.13402873468610135,False,0.2824074189690532,False,-0.16767317930355846,False
88128.0,0.05481758761654443,8.0,10.91891891891892,0.0,0.0,9298.0,0.0,4931.0,0.07462686567164178,False,False,False,False,False,-1.1513990910040683,False,-0.28673881510080296,False,1.15866563913804,False,0.6162880356672403,False,-0.1686224363427407,False
70708.0,0.0720253732115698,11.0,12.163636363636364,0.0,0.0,7891.0,0.0,3934.0,0.03389830508474576,False,False,False,False,False,1.6931593474298139,False,0.26225291039164383,False,-0.2976239548762752,False,-0.5239304781539957,False,-0.1689746880327791,False
80961.0,0.06285172714230226,13.0,9.11111111111111,0.0,0.0,9397.0,0.0,4842.0,0.014285714285714285,False,False,False,False,False,0.17669622128041462,False,-1.0840856603460072,False,1.0286658659512056,False,0.6965166304563678,False,-0.16954640176077124,False
71777.0,0.055464176608152935,8.0,15.08108108108108,0.0,0.0,8183.0,0.0,4136.0,0.05357142857142857,False,False,False,False,False,-1.0445137418043346,False,1.549013223952108,False,-0.0025682898904259297,False,-0.28729664301838737,False,-0.1695531405258851,False
75446.0,0.057414452840265924,10.0,15.25,0.0,0.0,7799.0,0.0,3951.0,0.08771929824561403,False,False,False,False,False,-0.7221204458919408,False,1.6235161476149698,False,-0.2727925375259809,False,-0.5984863440186394,False,-0.16980726358217085,False
87222.0,0.05718634110174613,10.0,8.178571428571429,0.0,0.0,9005.0,0.0,4250.0,0.029411764705882353,False,False,False,False,False,-0.7598287940770726,False,-1.4953891024085988,False,0.16394827351742958,False,0.3788438106852771,False,-0.17125936329294011,False
85356.0,0.05343653025723425,7.0,9.59375,0.0,0.0,8260.0,0.0,4257.0,0.046875,False,False,False,False,False,-1.3796968195928458,False,-0.8712142512359529,False,0.17417297477931545,False,-0.224896624849066,False,-0.1723055372605739,False
80175.0,0.052233708095079164,6.0,11.732142857142858,0.0,0.0,8621.0,0.0,4088.0,0.016129032258064516,False,False,False,False,False,-1.5785311154061705,False,0.07193954596183107,False,-0.07268052711478615,False,0.0676541096850251,False,-0.17302473364198623,False
73682.0,0.054695590889556944,7.0,11.45945945945946,0.0,0.0,7480.0,0.0,3457.0,0.057692307692307696,False,False,False,False,False,-1.1715659403233603,False,-0.04832945937964575,False,-0.9943643122933549,False,-0.8570007050058279,False,-0.17317492857576466,False
70021.0,0.06310528164118243,13.0,9.0,0.0,0.0,8204.0,0.0,3467.0,0.018518518518518517,False,False,False,False,False,0.21861042258246643,False,-1.1330920279109116,False,-0.9797575962049465,False,-0.2702784562449361,False,-0.17379997322953128,False
71073.0,0.07128842066245165,13.0,12.363636363636363,0.0,0.0,8629.0,0.0,3699.0,0.05263157894736842,False,False,False,False,False,1.5713363167590118,False,0.3504643720084717,False,-0.6408817829538721,False,0.07413722845586368,False,-0.17392133568987062,False
81675.0,0.055621365021710174,7.0,13.275862068965518,0.0,0.0,7826.0,0.0,4195.0,0.06666666666666667,False,False,False,False,False,-1.018529478707894,False,0.7528081859661054,False,0.08361133503118351,False,-0.5766058181670592,False,-0.1739811763590866,False
72014.0,0.06335105422239229,14.0,13.125,0.0,0.0,7512.0,0.0,3289.0,0.05263157894736842,False,False,False,False,False,0.2592382224789448,False,0.6862693679361701,False,-1.2397571425786156,False,-0.8310682299224736,False,-0.17403770534180263,False
85182.0,0.052922214001887714,7.0,11.75,0.0,0.0,8061.0,0.0,4288.0,0.047619047619047616,False,False,False,False,False,-1.4647166285677233,False,0.07981556932047622,False,0.21945379465338144,False,-0.3861642042736758,False,-0.1754737545496186,False
82658.0,0.05532026612319966,11.0,10.966666666666667,0.0,0.0,9704.0,0.0,4747.0,0.07352941176470588,False,False,False,False,False,-1.0683030772822997,False,-0.26567932201210087,False,0.889902063111326,False,0.9453063132872984,False,-0.17585712188516334,False
75117.0,0.06014817862161762,11.0,7.65625,0.0,0.0,8736.0,0.0,4163.0,0.03508771929824561,False,False,False,False,False,-0.27021786396087116,False,-1.7257627856489761,False,0.036869843548276694,False,0.16084894201582975,False,-0.1760709333544916,False
71315.0,0.06794005109670809,13.0,9.625,0.0,0.0,8099.0,0.0,3915.0,0.015873015873015872,False,False,False,False,False,1.0178291353361706,False,-0.8574312103583235,False,-0.3253767154442511,False,-0.35536939011219254,False,-0.17691600490499193,False
82410.0,0.06587292217895846,17.0,9.64406779661017,0.0,0.0,8674.0,0.0,4104.0,0.031746031746031744,False,False,False,False,False,0.6761193334651336,False,-0.8490212193143462,False,-0.049309781373332744,False,0.11060477154183072,False,-0.17733178038534808,False
64880.0,0.06881186695524034,13.0,11.594594594594595,0.0,0.0,8079.0,0.0,3425.0,0.05454545454545454,False,False,False,False,False,1.161945944756747,False,0.011272879550643558,False,-1.0411058037762617,False,-0.371577187039289,False,-0.17867640107118488,False
88494.0,0.0643231165891286,14.0,11.8,0.0,0.0,9693.0,0.0,4205.0,0.027777777777777776,False,False,False,False,False,0.4199264291464644,False,0.10186843472468358,False,0.09821805111959188,False,0.9363920249773954,False,-0.17930246674138506,False
71941.0,0.06257634717819378,11.0,15.607142857142858,0.0,0.0,8351.0,0.0,4182.0,0.06557377049180328,False,False,False,False,False,0.13117412918119348,False,1.7810366147878776,False,0.06462260411625262,False,-0.15115114883077713,False,-0.17972788300056408,False
86397.0,0.053307256536919895,10.0,10.441176470588236,0.0,0.0,8051.0,0.0,4092.0,0.05,False,False,False,False,False,-1.4010666030526218,False,-0.4974506133190612,False,-0.06683784067942279,False,-0.394268102737224,False,-0.18048159091889887,False
63594.0,0.06328653960131915,10.0,11.390243902439025,0.0,0.0,7420.0,0.0,3228.0,0.017543859649122806,False,False,False,False,False,0.24857353766156684,False,-0.07885748663662315,False,-1.3288581107179067,False,-0.9056240957871173,False,-0.18062097639261565,False
84065.0,0.05590728617136977,9.0,12.067796610169491,0.0,0.0,8799.0,0.0,3400.0,0.01639344262295082,False,False,False,False,False,-0.9712648603466533,False,0.21998208672009723,False,-1.0776225939972826,False,0.2119035023361836,False,-0.1806765048173158,False
80548.0,0.059723527764013254,9.0,13.416666666666666,0.0,0.0,8473.0,0.0,4645.0,0.09836065573770492,False,False,False,False,False,-0.3404154017972269,False,0.8149110827940443,False,0.7409135590095606,False,-0.052283587575488705,False,-0.18077781668736465,False
63648.0,0.06741688614369656,11.0,12.220338983050848,0.0,0.0,7437.0,0.0,4108.0,0.07272727272727272,False,False,False,False,False,0.9313465793115294,False,0.28726201507191557,False,-0.04346709493796939,False,-0.8918474683990854,False,-0.1824877911897742,False
68787.0,0.06243243074174147,11.0,9.571428571428571,0.0,0.0,7095.0,0.0,3572.0,0.041666666666666664,False,False,False,False,False,0.1073838098818812,False,-0.8810592804342597,False,-0.8263870772766585,False,-1.1690007958524349,False,-0.18291007945406546,False
82016.0,0.061314788622297375,10.0,15.348837209302326,0.0,0.0,8717.0,0.0,4135.0,0.028985507246376812,False,False,False,False,False,-0.07736967303767074,False,1.6671090210884025,False,-0.004028961499266768,False,0.1454515349350881,False,-0.18296054084236796,False
70348.0,0.0669797813367308,13.0,12.18421052631579,0.0,0.0,7421.0,0.0,3452.0,0.03571428571428571,False,False,False,False,False,0.859090322963593,False,0.27132729519911636,False,-1.001667670337559,False,-0.9048137059407625,False,-0.18309119177543665,False
65696.0,0.0654327241393836,11.0,9.727272727272727,0.0,0.0,8015.0,0.0,4199.0,0.05263157894736842,False,False,False,False,False,0.6033517457275974,False,-0.8123230765769911,False,0.08945402146654685,False,-0.42344213720599766,False,-0.1831973511242858,False
76275.0,0.05669060620264464,6.0,10.719298245614034,0.0,0.0,7874.0,0.0,3651.0,0.03508771929824561,False,False,False,False,False,-0.8417769844864743,False,-0.37478297190659937,False,-0.7109940201782323,False,-0.5377071055420277,False,-0.1832828418043257,False
65936.0,0.05780395675010916,9.0,11.673913043478262,0.0,0.0,7851.0,0.0,3286.0,0.0392156862745098,False,False,False,False,False,-0.6577329262178307,False,0.04625686109668322,False,-1.2441391574051381,False,-0.5563460720081886,False,-0.1834677334853982,False
85016.0,0.057331892881833324,11.0,12.170212765957446,0.0,0.0,7501.0,0.0,3923.0,0.015384615384615385,False,False,False,False,False,-0.7357681418804413,False,0.2651534806962586,False,-0.3136913425735244,False,-0.8399825182323767,False,-0.18398023664815533,False
81901.0,0.05612520173030485,8.0,10.727272727272727,0.0,0.0,8855.0,0.0,3814.0,0.0,False,False,False,False,False,-0.9352420067021953,False,-0.3712657684928501,False,-0.47290454793717573,False,0.2572853337320537,False,-0.1843060703738169,False
86210.0,0.06198295917232704,13.0,12.76923076923077,0.0,0.0,8832.0,0.0,3501.0,0.06666666666666667,False,False,False,False,False,0.033083247583873404,False,0.5293547487139281,False,-0.930094761504358,False,0.23864636726589275,False,-0.18435780239175492,False
71765.0,0.061440327467265556,9.0,12.32258064516129,0.0,0.0,8489.0,0.0,4597.0,0.09230769230769231,False,False,False,False,False,-0.05661728866877696,False,0.3323564473363956,False,0.6708013217852004,False,-0.03931735003381154,False,-0.18441817893300372,False
97054.0,0.05822967602986792,10.0,11.133333333333333,0.0,0.0,9208.0,0.0,4675.0,0.05970149253731343,False,False,False,False,False,-0.5873587712776466,False,-0.19216977066474428,False,0.7847337072747856,False,0.5433529494953062,False,-0.18485070193621927,False
85914.0,0.05928319182272947,12.0,14.1875,0.0,0.0,9629.0,0.0,4509.0,0.04477611940298507,False,False,False,False,False,-0.4132057855806364,False,1.1548927577755699,False,0.5422622202072066,False,0.8845270748106867,False,-0.18488647422324817,False
73514.0,0.06011252038701691,11.0,14.097560975609756,0.0,0.0,7706.0,0.0,3733.0,0.09259259259259259,False,False,False,False,False,-0.2761124011500398,False,1.1152244937862952,False,-0.5912189482532836,False,-0.673852599729638,False,-0.18494580335369437,False
78610.0,0.0587790688432118,10.0,12.279069767441861,0.0,0.0,9424.0,0.0,4627.0,0.015384615384615385,False,False,False,False,False,-0.49654058002449347,False,0.31316565673708596,False,0.7146214700504254,False,0.718397156307948,False,-0.18680649327912374,False
93211.0,0.05732973379371008,9.0,11.017241379310345,0.0,0.0,9375.0,0.0,4580.0,0.03076923076923077,False,False,False,False,False,-0.7361250531347329,False,-0.24337297539635108,False,0.6459699044349061,False,0.6786880538365616,False,-0.18707882662487935,False
72317.0,0.06921947959775848,12.0,10.75609756097561,0.0,0.0,8620.0,0.0,3904.0,0.06557377049180328,False,False,False,False,False,1.2293269552583248,False,-0.35855236493388354,False,-0.3414441031415003,False,0.06684371983867028,False,-0.18732627219351533,False
78344.0,0.06327090345214563,10.0,14.535714285714286,0.0,0.0,8998.0,0.0,3710.0,0.06666666666666667,False,False,False,False,False,0.24598878090535725,False,1.308475213269155,False,-0.6248143952566229,False,0.3731710817607934,False,-0.1875171697986906,False
83754.0,0.06137169254059648,13.0,11.81132075471698,0.0,0.0,8934.0,0.0,4088.0,0.0,False,False,False,False,False,-0.06796308669430809,False,0.10686153632563564,False,-0.07268052711478615,False,0.3213061315940847,False,-0.1875307650955924,False
84420.0,0.057450039074158375,6.0,11.703703703703704,0.0,0.0,8869.0,0.0,4528.0,0.06153846153846154,False,False,False,False,False,-0.7162378108863002,False,0.05939624950176619,False,0.5700149807751825,False,0.2686307915810212,False,-0.18758281471667843,False
66425.0,0.06172588228834506,7.0,11.833333333333334,0.0,0.0,7641.0,0.0,3633.0,0.037037037037037035,False,False,False,False,False,-0.009413226795063142,False,0.1165703449941549,False,-0.7372861091373674,False,-0.7265279397427015,False,-0.1877927557289238,False
75413.0,0.05758151324037103,11.0,10.688888888888888,0.0,0.0,9237.0,0.0,4075.0,0.1,False,False,False,False,False,-0.6945042794640828,False,-0.3881952409243626,False,-0.09166925802971704,False,0.5668542550395961,False,-0.18806635927488174,False
87195.0,0.062246554689363055,12.0,11.30188679245283,0.0,0.0,8941.0,0.0,4977.0,0.07142857142857142,False,False,False,False,False,0.07665729423720387,False,-0.11782803571722851,False,1.2258565331447187,False,0.32697886051856845,False,-0.1882061557414771,False
77104.0,0.0693117165536257,13.0,11.404255319148936,0.0,0.0,9170.0,0.0,4525.0,0.0625,False,False,False,False,False,1.2445743216145972,False,-0.07267764890010464,False,0.56563296594866,False,0.512558135333823,False,-0.1887336829433663,False
77047.0,0.05599136254978898,6.0,10.441176470588236,0.0,0.0,8343.0,0.0,3798.0,0.034482758620689655,False,False,False,False,False,-0.9573664903103334,False,-0.4974506133190612,False,-0.49627529367862916,False,-0.1576342676016157,False,-0.18874938526483148,False
76531.0,0.06507053634177166,14.0,12.526315789473685,0.0,0.0,9082.0,0.0,3940.0,0.014705882352941176,False,False,False,False,False,0.5434797563710673,False,0.4222153216489545,False,-0.2888599252232302,False,0.4412438288545985,False,-0.18912743096601808,False
83441.0,0.06223984254105256,15.0,11.625,0.0,0.0,8951.0,0.0,4696.0,0.07462686567164178,False,False,False,False,False,0.0755477326372408,False,0.024683405809958595,False,0.8154078110604432,False,0.3350827589821167,False,-0.18919355040910557,False
70842.0,0.05917889795972309,10.0,9.741379310344827,0.0,0.0,7984.0,0.0,4459.0,0.03636363636363636,False,False,False,False,False,-0.4304462367969411,False,-0.806101265020945,False,0.4692286397651647,False,-0.44856422244299715,False,-0.18943128794628822,False
84736.0,0.058949281815158655,10.0,13.702127659574469,0.0,0.0,8683.0,0.0,4252.0,0.08333333333333333,False,False,False,False,False,-0.4684032730474527,False,0.9408157398889858,False,0.16686961673511128,False,0.11789828015902412,False,-0.18968947016871546,False
72080.0,0.06515751926379629,12.0,13.618181818181819,0.0,0.0,8485.0,0.0,3797.0,0.017857142857142856,False,False,False,False,False,0.5578585968952254,False,0.9037908130594855,False,-0.49773596528747,False,-0.04255890941923083,False,-0.18987586557750313,False
78653.0,0.062450058661914894,11.0,14.803921568627452,0.0,0.0,7715.0,0.0,3912.0,0.06666666666666667,False,False,False,False,False,0.11029781928794011,False,1.4267699954793973,False,-0.3297587302707736,False,-0.6665590911124446,False,-0.19021441948108359,False
80472.0,0.06255469957195976,10.0,14.324324324324325,0.0,0.0,8912.0,0.0,4618.0,0.078125,False,False,False,False,False,0.12759563962802983,False,1.215240125942488,False,0.701475425570858,False,0.3034775549742786,False,-0.19050228000261415,False
73951.0,0.06610595211791975,11.0,9.936170212765957,0.0,0.0,9023.0,0.0,4336.0,0.03278688524590164,False,False,False,False,False,0.7146406920455026,False,-0.7201873139598013,False,0.28956603187774166,False,0.39343082791966394,False,-0.19092832165651213,False
70419.0,0.06754121942961985,13.0,12.666666666666666,0.0,0.0,8179.0,0.0,4384.0,0.06779661016949153,False,False,False,False,False,0.951899676960163,False,0.48411810173093855,False,0.3596782691021019,False,-0.2905382024038067,False,-0.1913950742771064,False
85704.0,0.05743619073943527,10.0,10.875,0.0,0.0,8723.0,0.0,3881.0,0.0,False,False,False,False,False,-0.718527030331611,False,-0.3061095752531472,False,-0.3750395501448396,False,0.15031387401321705,False,-0.19156310234754642,False
67317.0,0.065428791248819,11.0,11.392156862745098,0.0,0.0,7274.0,0.0,3784.0,0.017543859649122806,False,False,False,False,False,0.6027016134382794,False,-0.07801376151355446,False,-0.5167246962024009,False,-1.0239410133549216,False,-0.19188668394518726,False
83605.0,0.057664297712731336,8.0,11.464285714285714,0.0,0.0,8906.0,0.0,4799.0,0.07352941176470588,False,False,False,False,False,-0.6808194698688329,False,-0.04620080441785012,False,0.9658569867710496,False,0.29861521589614964,False,-0.19213437284990598,False
70645.0,0.06675884442545081,10.0,10.803571428571429,0.0,0.0,8686.0,0.0,4080.0,0.015873015873015872,False,False,False,False,False,0.8225680202028769,False,-0.3376136686877286,False,-0.08436589998551285,False,0.12032944969808859,False,-0.19220785877412339,False
81884.0,0.06315506868022834,10.0,9.27027027027027,0.0,0.0,9002.0,0.0,4373.0,0.07936507936507936,False,False,False,False,False,0.22684054267901366,False,-1.013887350050333,False,0.34361088140485263,False,0.37641264114621265,False,-0.19262802914528415,False
78311.0,0.05962424381146018,11.0,14.023255813953488,0.0,0.0,7627.0,0.0,4378.0,0.04838709677419355,False,False,False,False,False,-0.3568276823592051,False,1.0824516592094247,False,0.35091423944905686,False,-0.737873397591669,False,-0.19325446259900347,False
83279.0,0.06026339568989046,11.0,10.893617021276595,0.0,0.0,9400.0,0.0,4159.0,0.1016949152542373,False,False,False,True,False,-0.25117173614871,False,-0.2978984019643468,False,0.03102715711291334,False,0.6989477999954322,False,-0.19333071530421497,False
80980.0,0.06681825747011753,12.0,9.925925925925926,0.0,0.0,8487.0,0.0,4298.0,0.03076923076923077,False,False,False,False,False,0.8323893813900266,False,-0.7247056315367071,False,0.2340605107417898,False,-0.04093812972652119,False,-0.193372689886684,False
83091.0,0.05557857266475091,9.0,9.271186440677965,0.0,0.0,8612.0,0.0,4138.0,0.05084745762711865,False,False,False,False,False,-1.0256033325409024,False,-1.0134832663965685,False,0.0003530533272557462,False,0.06036060106783169,False,-0.1934044818889663,False
77650.0,0.06429104433568493,12.0,13.574468085106384,0.0,0.0,8135.0,0.0,3848.0,0.017241379310344827,False,False,False,False,False,0.41462467787411156,False,0.8845105516229254,False,-0.42324171323658727,False,-0.3261953556434189,False,-0.1943983309466975,False
81563.0,0.056218311832610106,10.0,10.305555555555555,0.0,0.0,8129.0,0.0,3691.0,0.034482758620689655,False,False,False,False,False,-0.9198503035830895,False,-0.5572672090232831,False,-0.6525671558245988,False,-0.33105769472154783,False,-0.19561111492243777,False
74720.0,0.058569714630635594,12.0,9.88679245283019,0.0,0.0,8383.0,0.0,4404.0,0.05084745762711865,False,False,False,False,False,-0.5311481876516767,False,-0.7419657358362958,False,0.38889170127891864,False,-0.1252186737474228,False,-0.19615105326759918,False
80295.0,0.05797906047193113,8.0,10.72,0.0,0.0,8052.0,0.0,3830.0,0.06666666666666667,False,False,False,False,False,-0.6287871466020115,False,-0.37447345800618875,False,-0.4495338021957223,False,-0.3934577128908692,False,-0.1962862073578835,False
80239.0,0.06411577051229832,13.0,11.75,0.0,0.0,7947.0,0.0,4486.0,0.06060606060606061,False,False,False,False,False,0.38565077936766495,False,0.07981556932047622,False,0.5086667732038673,False,-0.47854864675812564,False,-0.19684705576779066,False
84016.0,0.06110254453428328,9.0,12.407407407407407,0.0,0.0,8604.0,0.0,3791.0,0.078125,False,False,False,False,False,-0.11245499579661643,False,0.36976991074616117,False,-0.506499994940515,False,0.05387748229699311,False,-0.19884303438885415,False
84112.0,0.06673604873338224,12.0,10.898305084745763,0.0,0.0,9084.0,0.0,4442.0,0.03125,False,False,False,False,False,0.8187997446234583,False,-0.29583069731050815,False,0.44439722241487045,False,0.44286460854730814,False,-0.19889684756823878,False
79948.0,0.05962447282962967,13.0,13.296296296296296,0.0,0.0,8295.0,0.0,3827.0,0.05263157894736842,False,False,False,False,False,-0.35678982417210814,False,0.7618208512653978,False,-0.4539158170222448,False,-0.1965329802266472,False,-0.19893137557785018,False
76322.0,0.062075896510897836,11.0,13.254237288135593,0.0,0.0,7476.0,0.0,4015.0,0.06779661016949153,False,False,False,False,False,0.04844639173843419,False,0.7432704183453495,False,-0.1793095545601673,False,-0.8602422643912473,False,-0.19898625736422937,False
82334.0,0.058280873703870736,12.0,12.88,0.0,0.0,8536.0,0.0,3963.0,0.05084745762711865,False,False,False,False,False,-0.5788954640840124,False,0.5782103274555559,False,-0.2552644782198909,False,-0.0012290272551348574,False,-0.2016523431429217,False
79935.0,0.05742801568013231,10.0,13.071428571428571,0.0,0.0,8828.0,0.0,3881.0,0.031746031746031744,False,False,False,False,False,-0.7198784205960067,False,0.6626412978602338,False,-0.3750395501448396,False,0.23540480788047347,False,-0.2018775122762722,False
81549.0,0.05890898788978885,11.0,9.706896551724139,0.0,0.0,8677.0,0.0,3947.0,0.03225806451612903,False,False,False,False,False,-0.4750641199527884,False,-0.8213101377135011,False,-0.27863522396134427,False,0.1130359410808952,False,-0.20228988115392987,False
81137.0,0.0645947925025209,14.0,11.619047619047619,0.0,0.0,8983.0,0.0,4407.0,0.06557377049180328,False,False,False,False,False,0.4648362176658358,False,0.02205806469040995,False,0.39327371610544115,False,0.36101523406547104,False,-0.20286791174574992,False
78103.0,0.06300849605064078,9.0,11.727272727272727,0.0,0.0,8340.0,0.0,3890.0,0.015625,False,False,False,False,False,0.2026111374464618,False,0.06979153959129092,False,-0.36189350566527206,False,-0.16006543714068017,False,-0.2039161099009782,False
78421.0,0.05961594995862972,9.0,10.428571428571429,0.0,0.0,9145.0,0.0,3961.0,0.047619047619047616,False,False,False,False,False,-0.3581987099632932,False,-0.5030101592192815,False,-0.25818582143757257,False,0.4922983891749524,False,-0.20422200750731206,False
81633.0,0.05804848377340513,8.0,11.666666666666666,0.0,0.0,9100.0,0.0,4561.0,0.045454545454545456,False,False,False,False,False,-0.6173110251137889,False,0.04306079364679754,False,0.6182171438669302,False,0.45583084608898533,False,-0.20428250644208995,False
81199.0,0.06044551654828165,8.0,12.21875,0.0,0.0,8474.0,0.0,4131.0,0.06666666666666667,False,False,False,False,False,-0.22106597839791411,False,0.28656118248491735,False,-0.009871647934630119,False,-0.051473197729133884,False,-0.20647748231592483,False
82872.0,0.060470542674200184,10.0,11.92156862745098,0.0,0.0,8275.0,0.0,4565.0,0.03225806451612903,False,False,False,False,False,-0.21692899765336887,False,0.15548716629569662,False,0.6240598303022935,False,-0.21274077715374368,False,-0.2067756032346808,False
71729.0,0.06375903861557729,11.0,12.775510204081632,0.0,0.0,8189.0,0.0,3889.0,0.03125,False,False,False,False,False,0.32668068577411835,False,0.532124339345539,False,-0.3633541772741129,False,-0.2824343039402584,False,-0.20893260375319028,False
82444.0,0.05970280076613852,9.0,11.523809523809524,0.0,0.0,9105.0,0.0,4244.0,0.04477611940298507,False,False,False,False,False,-0.34384170882449583,False,-0.019947393222365238,False,0.15518424386438456,False,0.45988279532075943,False,-0.21070531942375031,False
77817.0,0.06034911546001475,9.0,10.96875,0.0,0.0,8193.0,0.0,3907.0,0.04918032786885246,False,False,False,False,False,-0.23700170281692856,False,-0.26476045262025893,False,-0.3370620883149778,False,-0.27919274455483917,False,-0.2112974508988526,False
78387.0,0.06059334432337138,11.0,12.927272727272728,0.0,0.0,8717.0,0.0,4183.0,0.046153846153846156,False,False,False,False,False,-0.1966290894824707,False,0.5990603092922606,False,0.06608327572509345,False,0.1454515349350881,False,-0.21334505194305758,False
